[
    {
        "configure": {
            "Team": "ASV WADESON",
            "NOCol": "4"
        }
    },
    {
        "LAYER": [
            {
                "LAYERx1": [
                    {
                        "LAYER1": "MANIBHARATHI",
                        "FIND": "the om practice trust"
                    },
                    {
                        "LAYER1": "MANIBHARATHI",
                        "FIND": "the om practice trust"
                    },
                    {
                        "LAYER1": "MANIBHARATHI",
                        "FIND": "Test1"
                    },
                    {
                        "LAYER1": "MANIBHARATHI",
                        "FIND": "Test1"
                    },
                    {
                        "LAYER1": "MANIBHARATHI",
                        "FIND": "Test1"
                    },
                    {
                        "LAYER1": "MANIBHARATHI",
                        "FIND": "Test1"
                    },
                    {
                        "LAYER1": "MANIBHARATHI",
                        "FIND": "Test1"
                    },
                    {
                        "LAYER1": "MANIBHARATHI",
                        "FIND": "Test1"
                    },
                    {
                        "LAYER1": "MANIBHARATHI",
                        "FIND": "Test1"
                    },
                    {
                        "LAYER1": "MANIBHARATHI",
                        "FIND": "Test1"
                    },
                    {
                        "LAYER1": "MANIBHARATHI",
                        "FIND": "Test1"
                    },
                    {
                        "LAYER1": "MANIBHARATHI",
                        "FIND": "Test1"
                    },
                    {
                        "LAYER1": "MANIBHARATHI",
                        "FIND": "Tarakan"
                    },
                    {
                        "LAYER1": "MANIBHARATHI",
                        "FIND": "Akarana PTY LTD"
                    },
                    {
                        "LAYER1": "MANIBHARATHI",
                        "FIND": "Anna Bray Trust"
                    },
                    {
                        "LAYER1": "MANIBHARATHI",
                        "FIND": "fidelity capital management trust"
                    },
                    {
                        "LAYER1": "MANIBHARATHI",
                        "FIND": "fidelity "
                    },
                    {
                        "LAYER1": "MANIBHARATHI",
                        "FIND": "MIS"
                    },
                    {
                        "LAYER1": "MANIBHARATHI",
                        "FIND": "MIS"
                    },
                    {
                        "LAYER1": "MANIBHARATHI",
                        "FIND": "Nathalie Myriam Capitaine - 2022"
                    },
                    {
                        "LAYER1": "MANIBHARATHI",
                        "FIND": "MIS"
                    },
                    {
                        "LAYER1": "MANIBHARATHI",
                        "FIND": "snow & sons pty ltd"
                    },
                    {
                        "LAYER1": "MANIBHARATHI",
                        "FIND": "Jillian snow"
                    },
                    {
                        "LAYER1": "MANIBHARATHI",
                        "FIND": "Dongli Zhu"
                    },
                    {
                        "LAYER1": "MANIBHARATHI",
                        "FIND": "HBLB SERVICES PTY LTD"
                    },
                    {
                        "LAYER1": "MANIBHARATHI",
                        "FIND": "henley Mulae Hall Trust"
                    },
                    {
                        "LAYER1": "MANIBHARATHI",
                        "FIND": "coolie Art PTY LTD"
                    },
                    {
                        "LAYER1": "MANIBHARATHI",
                        "FIND": "BS Cleaning services pty ltd"
                    },
                    {
                        "LAYER1": "MANIBHARATHI",
                        "FIND": "Esteem Building Trust"
                    },
                    {
                        "LAYER1": "MANIBHARATHI",
                        "FIND": "Ashutosh Aggarwal Pty Ltd"
                    },
                    {
                        "LAYER1": "MANIBHARATHI",
                        "FIND": "Ashutosh Aggarwal "
                    },
                    {
                        "LAYER1": "MANIBHARATHI",
                        "FIND": "Ashwin Aggarwal"
                    },
                    {
                        "LAYER1": "MANIBHARATHI",
                        "FIND": "cracking creative pty ltd"
                    },
                    {
                        "LAYER1": "MANIBHARATHI",
                        "FIND": "DEFINITIVE SYSTEMS PTY LTD"
                    },
                    {
                        "LAYER1": "MANIBHARATHI",
                        "FIND": "E-BIT System PTY LTD"
                    },
                    {
                        "LAYER1": "MANIBHARATHI",
                        "FIND": "Decorug Pakenham Pty Lty "
                    },
                    {
                        "LAYER1": "MANIBHARATHI",
                        "FIND": "azzo roofings pty ltd "
                    },
                    {
                        "LAYER1": "MANIBHARATHI",
                        "FIND": "subha & Jagendra partnership p"
                    },
                    {
                        "LAYER1": "MANIBHARATHI",
                        "FIND": "P & M Trotman Enterprises Pty Ltd"
                    },
                    {
                        "LAYER1": "MANIBHARATHI",
                        "FIND": "El Naboulsi family trust"
                    },
                    {
                        "LAYER1": "MANIBHARATHI",
                        "FIND": "biviano family trust"
                    },
                    {
                        "LAYER1": "MANIBHARATHI",
                        "FIND": "Dental Rooms Unit Trust"
                    },
                    {
                        "LAYER1": "MANIBHARATHI",
                        "FIND": "angela Gurney"
                    },
                    {
                        "LAYER1": "MANIBHARATHI",
                        "FIND": "john Gurney"
                    },
                    {
                        "LAYER1": "MANIBHARATHI",
                        "FIND": "Elaine gurney"
                    },
                    {
                        "LAYER1": "MANIBHARATHI",
                        "FIND": "Golf Reservation Pty Ltd"
                    },
                    {
                        "LAYER1": "MANIBHARATHI",
                        "FIND": "Biviano family trust"
                    },
                    {
                        "LAYER1": "MANIBHARATHI",
                        "FIND": "Biviano family trust"
                    },
                    {
                        "LAYER1": "MANIBHARATHI",
                        "FIND": "Green Form Work Group Pty Ltd"
                    },
                    {
                        "LAYER1": "MANIBHARATHI",
                        "FIND": "V.L.H. Pty Ltd"
                    },
                    {
                        "LAYER1": "MANIBHARATHI",
                        "FIND": "Elegance Services Pty Ltd"
                    },
                    {
                        "LAYER1": "MANIBHARATHI",
                        "FIND": "Chriscol Pty Ltd"
                    },
                    {
                        "LAYER1": "MANIBHARATHI",
                        "FIND": "Jessica - BAS"
                    },
                    {
                        "LAYER1": "MANIBHARATHI",
                        "FIND": "Amulet Hotkey Pty Ltd"
                    },
                    {
                        "LAYER1": "MANIBHARATHI",
                        "FIND": "JMC Family Trust"
                    },
                    {
                        "LAYER1": "MANIBHARATHI",
                        "FIND": "Green Form Work Group Pty Ltd"
                    },
                    {
                        "LAYER1": "MANIBHARATHI",
                        "FIND": "Green Form Work Group Pty Ltd"
                    },
                    {
                        "LAYER1": "MANIBHARATHI",
                        "FIND": "Herbs & Heart Pty Ltd"
                    },
                    {
                        "LAYER1": "MANIBHARATHI",
                        "FIND": "Jumana Sharkeer"
                    },
                    {
                        "LAYER1": "MANIBHARATHI",
                        "FIND": "Rishabh Kumar "
                    },
                    {
                        "LAYER1": "MANIBHARATHI",
                        "FIND": "Pavan Jay"
                    },
                    {
                        "LAYER1": "MANIBHARATHI",
                        "FIND": "Greenform Group Pty Ltd"
                    },
                    {
                        "LAYER1": "MANIBHARATHI",
                        "FIND": "GBL Group Pty Ltd"
                    },
                    {
                        "LAYER1": "MANIBHARATHI",
                        "FIND": "The Trustee For El Naboulsi Family Trust"
                    },
                    {
                        "LAYER1": "MANIBHARATHI",
                        "FIND": "Green Form Work Group Pty Ltd"
                    },
                    {
                        "LAYER1": "MANIBHARATHI",
                        "FIND": "F & L Crook Holdings Pty Ltd"
                    },
                    {
                        "LAYER1": "MANIBHARATHI",
                        "FIND": "Jessica "
                    },
                    {
                        "LAYER1": "MANIBHARATHI",
                        "FIND": "Jessica lei hou"
                    },
                    {
                        "LAYER1": "MANIBHARATHI",
                        "FIND": "Mashkoor Akhtar"
                    },
                    {
                        "LAYER1": "MANIBHARATHI",
                        "FIND": "Anssa Mahmood"
                    },
                    {
                        "LAYER1": "MANIBHARATHI",
                        "FIND": "Anssa Mahmood"
                    },
                    {
                        "LAYER1": "MANIBHARATHI",
                        "FIND": "BRIX Technologies Pty Ltd"
                    },
                    {
                        "LAYER1": "MANIBHARATHI",
                        "FIND": "Luqman Ahmad "
                    },
                    {
                        "LAYER1": "MANIBHARATHI",
                        "FIND": "Attaul Qadeer"
                    },
                    {
                        "LAYER1": "MANIBHARATHI",
                        "FIND": "Omer Waraich"
                    },
                    {
                        "LAYER1": "MANIBHARATHI",
                        "FIND": "Naida Qadeer"
                    },
                    {
                        "LAYER1": "MANIBHARATHI",
                        "FIND": "Laws Family Trust"
                    },
                    {
                        "LAYER1": "MANIBHARATHI",
                        "FIND": "Nimac Family Trust"
                    },
                    {
                        "LAYER1": "MANIBHARATHI",
                        "FIND": "Martin Teodorov Kolev"
                    },
                    {
                        "LAYER1": "MANIBHARATHI",
                        "FIND": "Fides Holdings Trust"
                    },
                    {
                        "LAYER1": "MANIBHARATHI",
                        "FIND": "F & L Crook Holdings Pty Ltd"
                    },
                    {
                        "LAYER1": "MANIBHARATHI",
                        "FIND": "Caroline Susan Moffat"
                    },
                    {
                        "LAYER1": "MANIBHARATHI",
                        "FIND": "Mitrokas Family Trust"
                    },
                    {
                        "LAYER1": "MANIBHARATHI",
                        "FIND": "PATTON FAMILY TRUST"
                    },
                    {
                        "LAYER1": "MANIBHARATHI",
                        "FIND": "Cassandra ashley patton"
                    },
                    {
                        "LAYER1": "MANIBHARATHI",
                        "FIND": " CLICKBILLIE 1 PTY LTD"
                    },
                    {
                        "LAYER1": "MANIBHARATHI",
                        "FIND": " CLICKBILLIE 1 PTY LTD"
                    },
                    {
                        "LAYER1": "MANIBHARATHI",
                        "FIND": "1 Toxteth Road Property Trust"
                    },
                    {
                        "LAYER1": "MANIBHARATHI",
                        "FIND": "Todd Scott Individual Return"
                    },
                    {
                        "LAYER1": "MANIBHARATHI",
                        "FIND": "Angela Ruth Kimpton"
                    },
                    {
                        "LAYER1": "MANIBHARATHI",
                        "FIND": "Fides Trading (Au) Pty Ltd"
                    },
                    {
                        "LAYER1": "MANIBHARATHI",
                        "FIND": "Drapua Capital Trust"
                    },
                    {
                        "LAYER1": "MANIBHARATHI",
                        "FIND": "THE TRUSTEE FOR MERKBAWI FAMILY TRUST"
                    },
                    {
                        "LAYER1": "MANIBHARATHI",
                        "FIND": "Brian Downton"
                    },
                    {
                        "LAYER1": "MANIBHARATHI",
                        "FIND": "Sarah Downton"
                    },
                    {
                        "LAYER1": "MANIBHARATHI",
                        "FIND": "Fredrick Crook"
                    },
                    {
                        "LAYER1": "MANIBHARATHI",
                        "FIND": "Heidi Nimac"
                    },
                    {
                        "LAYER1": "MANIBHARATHI",
                        "FIND": "Ryan Laws "
                    },
                    {
                        "LAYER1": "MANIBHARATHI",
                        "FIND": "JM RISE UNIT TRUST"
                    },
                    {
                        "LAYER1": "MANIBHARATHI",
                        "FIND": "The Trustee For El Naboulsi Family Trust"
                    },
                    {
                        "LAYER1": "MANIBHARATHI",
                        "FIND": "Rami El Naboulsi"
                    },
                    {
                        "LAYER1": "MANIBHARATHI",
                        "FIND": "Kevin Brotherton"
                    },
                    {
                        "LAYER1": "MANIBHARATHI",
                        "FIND": "GEM JOINERY PTY LTD"
                    },
                    {
                        "LAYER1": "MANIBHARATHI",
                        "FIND": "Crucial pluming Services Pty Ltd"
                    },
                    {
                        "LAYER1": "MANIBHARATHI",
                        "FIND": "Jason Gill"
                    },
                    {
                        "LAYER1": "MANIBHARATHI",
                        "FIND": "Brenton Donald Emmett"
                    },
                    {
                        "LAYER1": "MANIBHARATHI",
                        "FIND": "MASONRY CORP PTY LTD"
                    },
                    {
                        "LAYER1": "MANIBHARATHI",
                        "FIND": "Elegance Services Pty Ltd - FY 2021"
                    },
                    {
                        "LAYER1": "MANIBHARATHI",
                        "FIND": "AMPLE ENTERPRISES PTY LTD"
                    },
                    {
                        "LAYER1": "MANIBHARATHI",
                        "FIND": "Crucial pluming Services Pty Ltd 2022"
                    },
                    {
                        "LAYER1": "MANIBHARATHI",
                        "FIND": "Skoo Pty Ltd"
                    },
                    {
                        "LAYER1": "MANIBHARATHI",
                        "FIND": "Elizabeth Heather Laws"
                    },
                    {
                        "LAYER1": "MANIBHARATHI",
                        "FIND": "Anthony Andretic"
                    },
                    {
                        "LAYER1": "MANIBHARATHI",
                        "FIND": "Angela Andretic"
                    },
                    {
                        "LAYER1": "MANIBHARATHI",
                        "FIND": "BRIDDON INVESTMENTS PTY LIMITED"
                    },
                    {
                        "LAYER1": "MANIBHARATHI",
                        "FIND": "Mile Kruljac"
                    },
                    {
                        "LAYER1": "MANIBHARATHI",
                        "FIND": "Valerie Kovacic"
                    },
                    {
                        "LAYER1": "MANIBHARATHI",
                        "FIND": "Osan Ability Assist Pty Ltd"
                    },
                    {
                        "LAYER1": "MANIBHARATHI",
                        "FIND": "Tiger Asset Management Pty Ltd"
                    },
                    {
                        "LAYER1": "MANIBHARATHI",
                        "FIND": "LABOUR WALAN NSW PTY LIMITED"
                    },
                    {
                        "LAYER1": "MANIBHARATHI",
                        "FIND": "LABOUR SERVICES WALAN PTY LIMITED"
                    },
                    {
                        "LAYER1": "MANIBHARATHI",
                        "FIND": "Versatile Property Services Pty Ltd"
                    },
                    {
                        "LAYER1": "MANIBHARATHI",
                        "FIND": "WALAN NSW PTY LIMITED"
                    },
                    {
                        "LAYER1": "MANIBHARATHI",
                        "FIND": "MELWOOD PTY LIMITED SUPERANNUATION FUND"
                    },
                    {
                        "LAYER1": "MANIBHARATHI",
                        "FIND": "MELWOOD PTY LTD"
                    },
                    {
                        "LAYER1": "MANIBHARATHI",
                        "FIND": "90 SURFVIEW ROAD PTY LTD"
                    },
                    {
                        "LAYER1": "MANIBHARATHI",
                        "FIND": "Rafeletos Zanuttini Pty Ltd"
                    },
                    {
                        "LAYER1": "MANIBHARATHI",
                        "FIND": "Vincent Philippe duval"
                    },
                    {
                        "LAYER1": "MANIBHARATHI",
                        "FIND": "LINDA SUSAN ONYON"
                    },
                    {
                        "LAYER1": "MANIBHARATHI",
                        "FIND": "SNOTEN PTY. LIMITED"
                    },
                    {
                        "LAYER1": "MANIBHARATHI",
                        "FIND": "John Rafeletos & David Zanuttini"
                    },
                    {
                        "LAYER1": "MANIBHARATHI",
                        "FIND": "Zak Balzan"
                    },
                    {
                        "LAYER1": "MANIBHARATHI",
                        "FIND": "Amanda Bray"
                    },
                    {
                        "LAYER1": "MANIBHARATHI",
                        "FIND": "James Scott - 2021"
                    },
                    {
                        "LAYER1": "MANIBHARATHI",
                        "FIND": "James Scott - 2022"
                    },
                    {
                        "LAYER1": "MANIBHARATHI",
                        "FIND": "syd"
                    },
                    {
                        "LAYER1": "MANIBHARATHI",
                        "FIND": "sydney"
                    },
                    {
                        "LAYER1": "MANIBHARATHI",
                        "FIND": "Zanuttini Trust and Rafeletos Family Trust"
                    },
                    {
                        "LAYER1": "MANIBHARATHI",
                        "FIND": "Troy Balzan"
                    },
                    {
                        "LAYER1": "MANIBHARATHI",
                        "FIND": "Sarah Jade Balzan"
                    },
                    {
                        "LAYER1": "MANIBHARATHI",
                        "FIND": "Dinah Jane Mccleland"
                    },
                    {
                        "LAYER1": "MANIBHARATHI",
                        "FIND": "Allan Family Trust"
                    },
                    {
                        "LAYER1": "MANIBHARATHI",
                        "FIND": "Tiger Asset Holding Pty Ltd"
                    },
                    {
                        "LAYER1": "MANIBHARATHI",
                        "FIND": "Jawdat Merkbawi"
                    },
                    {
                        "LAYER1": "MANIBHARATHI",
                        "FIND": "Sau Koo"
                    },
                    {
                        "LAYER1": "MANIBHARATHI",
                        "FIND": "Osoyoo Holding Pty Ltd"
                    },
                    {
                        "LAYER1": "MANIBHARATHI",
                        "FIND": "Kian Woo"
                    },
                    {
                        "LAYER1": "MANIBHARATHI",
                        "FIND": "Robert Copollino "
                    },
                    {
                        "LAYER1": "MANIBHARATHI",
                        "FIND": "Rouba Kachach"
                    },
                    {
                        "LAYER1": "MANIBHARATHI",
                        "FIND": "Martin Duriska"
                    },
                    {
                        "LAYER1": "MANIBHARATHI",
                        "FIND": "SUZANNE MARIE"
                    },
                    {
                        "LAYER1": "MANIBHARATHI",
                        "FIND": "AMPLE ENTERPRISES PTY LTD  - 2023"
                    },
                    {
                        "LAYER1": "MANIBHARATHI",
                        "FIND": "DAVDIN INVESTMENTS PTY LTD"
                    },
                    {
                        "LAYER1": "MANIBHARATHI",
                        "FIND": "GIMAR PTY LTD"
                    },
                    {
                        "LAYER1": "MANIBHARATHI",
                        "FIND": "David Liu"
                    },
                    {
                        "LAYER1": "MANIBHARATHI",
                        "FIND": "M & X Trust"
                    },
                    {
                        "LAYER1": "MANIBHARATHI",
                        "FIND": "Mark Normoyle"
                    },
                    {
                        "LAYER1": "MANIBHARATHI",
                        "FIND": "David'S Tourist Services Pty Ltd"
                    },
                    {
                        "LAYER1": "MANIBHARATHI",
                        "FIND": "Living bacon Pty Ltd"
                    },
                    {
                        "LAYER1": "MANIBHARATHI",
                        "FIND": "MN Hospitality Pty Ltd"
                    },
                    {
                        "LAYER1": "MANIBHARATHI",
                        "FIND": "VERSATILE EDUCATION AND MIGRATION PTY LTD"
                    },
                    {
                        "LAYER1": "MANIBHARATHI",
                        "FIND": "The Trustee For Duriska Family Trust"
                    },
                    {
                        "LAYER1": "MANIBHARATHI",
                        "FIND": "sydney barbers"
                    },
                    {
                        "LAYER1": "MANIBHARATHI",
                        "FIND": "Excelsior Management Australia Pty Ltd"
                    },
                    {
                        "LAYER1": "MANIBHARATHI",
                        "FIND": "Ioniq Consulting Pty Ltd"
                    },
                    {
                        "LAYER1": "MANIBHARATHI",
                        "FIND": "Dalsan Corporation Pty Ltd"
                    },
                    {
                        "LAYER1": "MANIBHARATHI",
                        "FIND": "Joseph Dal Santo"
                    },
                    {
                        "LAYER1": "MANIBHARATHI",
                        "FIND": "Lisa Dal Santo"
                    },
                    {
                        "LAYER1": "MANIBHARATHI",
                        "FIND": "Francesca Dal Santo"
                    },
                    {
                        "LAYER1": "MANIBHARATHI",
                        "FIND": "Excelsior Management Australia Pty Ltd"
                    },
                    {
                        "LAYER1": "MANIBHARATHI",
                        "FIND": "10268 - Marek Szpitalak"
                    },
                    {
                        "LAYER1": "MANIBHARATHI",
                        "FIND": "10333 - Peter & christa Satouris Partnership"
                    },
                    {
                        "LAYER1": "MANIBHARATHI",
                        "FIND": "Sandra Sidik"
                    },
                    {
                        "LAYER1": "MANIBHARATHI",
                        "FIND": "Jessica Hsu"
                    },
                    {
                        "LAYER1": "MANIBHARATHI",
                        "FIND": "The Trustee for CFG Family Trust"
                    },
                    {
                        "LAYER1": "MANIBHARATHI",
                        "FIND": "Catch Business Solutions Pty Ltd"
                    },
                    {
                        "LAYER1": "MANIBHARATHI",
                        "FIND": "Test1"
                    },
                    {
                        "LAYER1": "MANIBHARATHI",
                        "FIND": "ASV Reviewer"
                    },
                    {
                        "LAYER1": "MANIBHARATHI",
                        "FIND": "Atlas Consolidated Pty Ltd"
                    },
                    {
                        "LAYER1": "MANIBHARATHI",
                        "FIND": "Jessica Eve Diez"
                    },
                    {
                        "LAYER1": "MANIBHARATHI",
                        "FIND": "Catch Business Solutions Pty Ltd"
                    },
                    {
                        "LAYER1": "MANIBHARATHI",
                        "FIND": "YA WEI SUN 2021"
                    },
                    {
                        "LAYER1": "MANIBHARATHI",
                        "FIND": "CFG Hormony Holdings pty ltd"
                    },
                    {
                        "LAYER1": "MANIBHARATHI",
                        "FIND": "ASIA PACIFIC LABOUR & MANAGEMENT SERVICES PTY LTD"
                    },
                    {
                        "LAYER1": "MANIBHARATHI",
                        "FIND": "Azure Catering Pty Ltd"
                    },
                    {
                        "LAYER1": "MANIBHARATHI",
                        "FIND": "Findex Jobs"
                    },
                    {
                        "LAYER1": "MANIBHARATHI",
                        "FIND": "DWB "
                    },
                    {
                        "LAYER1": "MANIBHARATHI",
                        "FIND": "David'S Tourist Services Pty Ltd"
                    },
                    {
                        "LAYER1": "MANIBHARATHI",
                        "FIND": "Claus Volker Hallwirth"
                    }
                ]
            },
            {
                "LAYERx2": [
                    {
                        "LAYER2": "FSP",
                        "FIND": "MANIBHARATHI"
                    },
                    {
                        "LAYER2": "FSP",
                        "FIND": "MANIBHARATHI"
                    },
                    {
                        "LAYER2": "FSP",
                        "FIND": "MANIBHARATHI"
                    },
                    {
                        "LAYER2": "FSP",
                        "FIND": "MANIBHARATHI"
                    },
                    {
                        "LAYER2": "FSP",
                        "FIND": "MANIBHARATHI"
                    },
                    {
                        "LAYER2": "FSP",
                        "FIND": "MANIBHARATHI"
                    },
                    {
                        "LAYER2": "ITR",
                        "FIND": "MANIBHARATHI"
                    },
                    {
                        "LAYER2": "ITR",
                        "FIND": "MANIBHARATHI"
                    },
                    {
                        "LAYER2": "Adhoc",
                        "FIND": "MANIBHARATHI"
                    },
                    {
                        "LAYER2": "Adhoc",
                        "FIND": "MANIBHARATHI"
                    },
                    {
                        "LAYER2": "Review",
                        "FIND": "MANIBHARATHI"
                    }
                ]
            },
            {
                "LAYERx3": [
                    {
                        "LAYER3": "Planning Meeting",
                        "FIND": "FSP",
                        "FINDM": "MANIBHARATHI"
                    },
                    {
                        "LAYER3": "Stage 1 Process",
                        "FIND": "FSP",
                        "FINDM": "MANIBHARATHI"
                    },
                    {
                        "LAYER3": "Stage 1 Review",
                        "FIND": "FSP",
                        "FINDM": "MANIBHARATHI"
                    },
                    {
                        "LAYER3": "Stage 2 Process",
                        "FIND": "FSP",
                        "FINDM": "MANIBHARATHI"
                    },
                    {
                        "LAYER3": "Stage 2 Reivew",
                        "FIND": "FSP",
                        "FINDM": "MANIBHARATHI"
                    },
                    {
                        "LAYER3": "Fixing Client Review points",
                        "FIND": "FSP",
                        "FINDM": "MANIBHARATHI"
                    },
                    {
                        "LAYER3": "Processing ITR",
                        "FIND": "ITR",
                        "FINDM": "MANIBHARATHI"
                    },
                    {
                        "LAYER3": "Review ITR",
                        "FIND": "ITR",
                        "FINDM": "MANIBHARATHI"
                    },
                    {
                        "LAYER3": "Tax Planning",
                        "FIND": "Adhoc",
                        "FINDM": "MANIBHARATHI"
                    },
                    {
                        "LAYER3": "BAS",
                        "FIND": "Adhoc",
                        "FINDM": "MANIBHARATHI"
                    },
                    {
                        "LAYER3": "Clarification to Zyad",
                        "FIND": "Review",
                        "FINDM": "MANIBHARATHI"
                    }
                ]
            },
            {
                "LAYERx4": []
            },
            {
                "LAYERx5": []
            },
            {
                "LAYERx6": []
            },
            {
                "LAYERx7": []
            },
            {
                "LAYERx8": []
            }
        ]
    },
    {
        "SUTinfo": [
            {
                "Planning Meeting": "00:00:00"
            },
            {
                "Stage 1 Process": "00:00:00"
            },
            {
                "Stage 1 Review": "00:00:00"
            },
            {
                "Stage 2 Process": "00:00:00"
            },
            {
                "Stage 2 Reivew": "00:00:00"
            },
            {
                "Fixing Client Review points": "00:00:00"
            },
            {
                "Processing ITR": "00:00:00"
            },
            {
                "Review ITR": "00:00:00"
            },
            {
                "Tax Planning": "00:00:00"
            },
            {
                "BAS": "00:00:00"
            },
            {
                "Clarification to Zyad": "00:00:00"
            }
        ]
    }
]