[
    {
        "configure": {
            "Team": "BEQ",
            "NOCol": "3"
        }
    },
    {
        "LAYER": [
            {
                "LAYERx1": [
                    {
                        "LAYER1": "IA1",
                        "FIND": null
                    }
                ]
            },
            {
                "LAYERx2": []
            },
            {
                "LAYERx3": [
                    {
                        "LAYER3": "RSKM1",
                        "FIND": null,
                        "FINDM": "IA1"
                    }
                ]
            },
            {
                "LAYERx4": []
            },
            {
                "LAYERx5": []
            },
            {
                "LAYERx6": []
            },
            {
                "LAYERx7": []
            },
            {
                "LAYERx8": []
            }
        ]
    },
    {
        "SUTinfo": [
            {
                "IA1": "00:06:00"
            }
        ]
    }
]