[
    {
        "configure": {
            "Team": "BONGIORNO",
            "NOCol": "4"
        }
    },
    {
        "LAYER": [
            {
                "LAYERx1": [
                    {
                        "LAYER1": "MANIBHARATHI",
                        "FIND": "Test1"
                    },
                    {
                        "LAYER1": "MANIBHARATHI",
                        "FIND": "Test1"
                    },
                    {
                        "LAYER1": "MANIBHARATHI",
                        "FIND": "Test1"
                    },
                    {
                        "LAYER1": "MANIBHARATHI",
                        "FIND": "Test1"
                    },
                    {
                        "LAYER1": "MANIBHARATHI",
                        "FIND": "Test1"
                    },
                    {
                        "LAYER1": "MANIBHARATHI",
                        "FIND": "Test1"
                    },
                    {
                        "LAYER1": "MANIBHARATHI",
                        "FIND": "Wei Wei Yong - 2021"
                    },
                    {
                        "LAYER1": "MANIBHARATHI",
                        "FIND": "Jenny Huang-2022"
                    },
                    {
                        "LAYER1": "MANIBHARATHI",
                        "FIND": "James Saunderson - 2022"
                    },
                    {
                        "LAYER1": "MANIBHARATHI",
                        "FIND": "Arushi Kansal - 2022"
                    },
                    {
                        "LAYER1": "MANIBHARATHI",
                        "FIND": "Admin"
                    },
                    {
                        "LAYER1": "MANIBHARATHI",
                        "FIND": "VincenT Mok-2022"
                    },
                    {
                        "LAYER1": "MANIBHARATHI",
                        "FIND": "Deanna Nisha Antony-20223"
                    },
                    {
                        "LAYER1": "MANIBHARATHI",
                        "FIND": "Deanna Nisha Antony - 2021"
                    },
                    {
                        "LAYER1": "MANIBHARATHI",
                        "FIND": "Roheela De Cruz - 2022"
                    },
                    {
                        "LAYER1": "MANIBHARATHI",
                        "FIND": "Courtney Lai-2022"
                    },
                    {
                        "LAYER1": "MANIBHARATHI",
                        "FIND": "Martin Cairney-2022"
                    },
                    {
                        "LAYER1": "MANIBHARATHI",
                        "FIND": "Samantha Chan-2022"
                    },
                    {
                        "LAYER1": "MANIBHARATHI",
                        "FIND": "Jarrod Basto - 2022"
                    },
                    {
                        "LAYER1": "MANIBHARATHI",
                        "FIND": " Bejoy Machumpurath-2022 3"
                    },
                    {
                        "LAYER1": "MANIBHARATHI",
                        "FIND": "Shaun Francis-2022"
                    },
                    {
                        "LAYER1": "MANIBHARATHI",
                        "FIND": "Joe Rotella - 2022"
                    },
                    {
                        "LAYER1": "MANIBHARATHI",
                        "FIND": "Alisha Rotella - 2022"
                    },
                    {
                        "LAYER1": "MANIBHARATHI",
                        "FIND": "Shaun Francis-2022"
                    },
                    {
                        "LAYER1": "MANIBHARATHI",
                        "FIND": "Pravin Pillay-2021"
                    },
                    {
                        "LAYER1": "MANIBHARATHI",
                        "FIND": "James Zeng - 2022"
                    },
                    {
                        "LAYER1": "MANIBHARATHI",
                        "FIND": "Piyusha Banneheke-2022"
                    },
                    {
                        "LAYER1": "MANIBHARATHI",
                        "FIND": "Charlotte Parsons-2022"
                    },
                    {
                        "LAYER1": "MANIBHARATHI",
                        "FIND": "Cuc Francis-2022"
                    },
                    {
                        "LAYER1": "MANIBHARATHI",
                        "FIND": "Deepa Dhital-2019"
                    },
                    {
                        "LAYER1": "MANIBHARATHI",
                        "FIND": "Jameson Trainor-2021"
                    },
                    {
                        "LAYER1": "MANIBHARATHI",
                        "FIND": "Stephanie King-2022"
                    },
                    {
                        "LAYER1": "MANIBHARATHI",
                        "FIND": "Georgia Spence - 2022"
                    },
                    {
                        "LAYER1": "MANIBHARATHI",
                        "FIND": "Deepa Dhital-2020"
                    },
                    {
                        "LAYER1": "MANIBHARATHI",
                        "FIND": "Deepa Dhital-2021"
                    },
                    {
                        "LAYER1": "MANIBHARATHI",
                        "FIND": "Matthew Spence - 2022"
                    },
                    {
                        "LAYER1": "MANIBHARATHI",
                        "FIND": "Deepa Dhital-2022"
                    },
                    {
                        "LAYER1": "MANIBHARATHI",
                        "FIND": "Stephen Bongiorno - 2022"
                    },
                    {
                        "LAYER1": "MANIBHARATHI",
                        "FIND": "Vaughan Beckley-2022"
                    },
                    {
                        "LAYER1": "MANIBHARATHI",
                        "FIND": "Nicholas Shearer-2022"
                    },
                    {
                        "LAYER1": "MANIBHARATHI",
                        "FIND": "Shao Wen The-2022"
                    },
                    {
                        "LAYER1": "MANIBHARATHI",
                        "FIND": "Tim Jardim - 2022"
                    },
                    {
                        "LAYER1": "MANIBHARATHI",
                        "FIND": "Laura Lamb - 2022"
                    },
                    {
                        "LAYER1": "MANIBHARATHI",
                        "FIND": "Jameson Trainor-2022"
                    },
                    {
                        "LAYER1": "MANIBHARATHI",
                        "FIND": "Rick Skarbez - 2022"
                    },
                    {
                        "LAYER1": "MANIBHARATHI",
                        "FIND": "Caitlan Makridis-2022"
                    },
                    {
                        "LAYER1": "MANIBHARATHI",
                        "FIND": "Jonathan Auditore-2022"
                    },
                    {
                        "LAYER1": "MANIBHARATHI",
                        "FIND": "Stephanie Harris - 2022"
                    },
                    {
                        "LAYER1": "MANIBHARATHI",
                        "FIND": "Anu Mathew - 2022"
                    },
                    {
                        "LAYER1": "MANIBHARATHI",
                        "FIND": "Kelly Brettargh-2022"
                    },
                    {
                        "LAYER1": "MANIBHARATHI",
                        "FIND": " Indjeian Grigor-2020"
                    },
                    {
                        "LAYER1": "MANIBHARATHI",
                        "FIND": "Shueh Wen Lim-2022"
                    },
                    {
                        "LAYER1": "MANIBHARATHI",
                        "FIND": "Winnie Chen - 2022"
                    },
                    {
                        "LAYER1": "MANIBHARATHI",
                        "FIND": "Winnie Chen - 2022"
                    },
                    {
                        "LAYER1": "MANIBHARATHI",
                        "FIND": "Madelaine Collins-2022"
                    },
                    {
                        "LAYER1": "MANIBHARATHI",
                        "FIND": "Katharine Squires-2022"
                    },
                    {
                        "LAYER1": "MANIBHARATHI",
                        "FIND": "Pamela Anjara-2022"
                    },
                    {
                        "LAYER1": "MANIBHARATHI",
                        "FIND": "Fiona Chester"
                    },
                    {
                        "LAYER1": "MANIBHARATHI",
                        "FIND": "Imogen Brown - 2022"
                    },
                    {
                        "LAYER1": "MANIBHARATHI",
                        "FIND": "Ashling McNally - 2022"
                    },
                    {
                        "LAYER1": "MANIBHARATHI",
                        "FIND": "Ryan Slack-2022"
                    },
                    {
                        "LAYER1": "MANIBHARATHI",
                        "FIND": "Liang Lim - 2022"
                    },
                    {
                        "LAYER1": "MANIBHARATHI",
                        "FIND": " Josh Chatelier BAS"
                    },
                    {
                        "LAYER1": "MANIBHARATHI",
                        "FIND": "Asiya Mohiuddin-2022"
                    },
                    {
                        "LAYER1": "MANIBHARATHI",
                        "FIND": "Martin Warren-2022"
                    },
                    {
                        "LAYER1": "MANIBHARATHI",
                        "FIND": " Avril Weir - BAS"
                    },
                    {
                        "LAYER1": "MANIBHARATHI",
                        "FIND": "Eric Choc - BAS"
                    },
                    {
                        "LAYER1": "MANIBHARATHI",
                        "FIND": "Brendan Johns-2022"
                    },
                    {
                        "LAYER1": "MANIBHARATHI",
                        "FIND": "Catrina Huang - BAS"
                    },
                    {
                        "LAYER1": "MANIBHARATHI",
                        "FIND": "Catrina Huang - BAS"
                    },
                    {
                        "LAYER1": "MANIBHARATHI",
                        "FIND": "Lisa Toh-2022"
                    },
                    {
                        "LAYER1": "MANIBHARATHI",
                        "FIND": " Li Yen Chin-2022"
                    },
                    {
                        "LAYER1": "MANIBHARATHI",
                        "FIND": "Han Lim-2022"
                    },
                    {
                        "LAYER1": "MANIBHARATHI",
                        "FIND": "Admin"
                    },
                    {
                        "LAYER1": "MANIBHARATHI",
                        "FIND": "Mirza Baig-2022"
                    },
                    {
                        "LAYER1": "MANIBHARATHI",
                        "FIND": "Madhusudhan Bhamidipaty - 2022"
                    },
                    {
                        "LAYER1": "MANIBHARATHI",
                        "FIND": "Adam Braithwaite - 2022"
                    },
                    {
                        "LAYER1": "MANIBHARATHI",
                        "FIND": "Stephen Bongiorno - 2022"
                    },
                    {
                        "LAYER1": "MANIBHARATHI",
                        "FIND": "Jade Xing-2022"
                    },
                    {
                        "LAYER1": "MANIBHARATHI",
                        "FIND": "Jade Xing-2022"
                    },
                    {
                        "LAYER1": "MANIBHARATHI",
                        "FIND": "Lisa Braithwaite - 2022"
                    },
                    {
                        "LAYER1": "MANIBHARATHI",
                        "FIND": "Victor Goh - 2022"
                    },
                    {
                        "LAYER1": "MANIBHARATHI",
                        "FIND": "Bevan Roodenburg-2022"
                    },
                    {
                        "LAYER1": "MANIBHARATHI",
                        "FIND": "Abbie-Louisa Roodenburg-2022"
                    },
                    {
                        "LAYER1": "MANIBHARATHI",
                        "FIND": "Brendan Lacey"
                    },
                    {
                        "LAYER1": "MANIBHARATHI",
                        "FIND": "Jarred Stephenson - Capital Gain  workings"
                    },
                    {
                        "LAYER1": "MANIBHARATHI",
                        "FIND": "Rob Wengritzky - Dec 2022 BAS"
                    },
                    {
                        "LAYER1": "MANIBHARATHI",
                        "FIND": "Elsa Gladigau - Dec 2022 BAS"
                    },
                    {
                        "LAYER1": "MANIBHARATHI",
                        "FIND": "Brendan Lacey - Dec 20222 BASs"
                    },
                    {
                        "LAYER1": "MANIBHARATHI",
                        "FIND": "Libby Blackley - Dec 2022 BAS"
                    },
                    {
                        "LAYER1": "MANIBHARATHI",
                        "FIND": "Rula Azzam - 2022"
                    },
                    {
                        "LAYER1": "MANIBHARATHI",
                        "FIND": "Sudharsan Venkatesan-2022"
                    },
                    {
                        "LAYER1": "MANIBHARATHI",
                        "FIND": "Dallas Smith - Dec 2022 BAS"
                    },
                    {
                        "LAYER1": "MANIBHARATHI",
                        "FIND": "Yi Dan Lin - 2022"
                    },
                    {
                        "LAYER1": "MANIBHARATHI",
                        "FIND": "Joe Speekman - Dec 2022 BAS"
                    },
                    {
                        "LAYER1": "MANIBHARATHI",
                        "FIND": "Munirah Mat Swadi - Dec 2022 BAS"
                    },
                    {
                        "LAYER1": "MANIBHARATHI",
                        "FIND": "Joseph Abeshouse - Dec 2022 BAS"
                    },
                    {
                        "LAYER1": "MANIBHARATHI",
                        "FIND": "Stuart McNamara - Dec 2022 BAS"
                    },
                    {
                        "LAYER1": "MANIBHARATHI",
                        "FIND": "Chuan-Whei Lee - 2022"
                    },
                    {
                        "LAYER1": "MANIBHARATHI",
                        "FIND": "Sue Wern Goh - 2022"
                    },
                    {
                        "LAYER1": "MANIBHARATHI",
                        "FIND": "Cassie Rickard-2022"
                    },
                    {
                        "LAYER1": "MANIBHARATHI",
                        "FIND": " Samuel Hinch-2022"
                    },
                    {
                        "LAYER1": "MANIBHARATHI",
                        "FIND": "Sudi Godagama - 2022"
                    },
                    {
                        "LAYER1": "MANIBHARATHI",
                        "FIND": "sudi Godagama - 2022"
                    },
                    {
                        "LAYER1": "MANIBHARATHI",
                        "FIND": "Katerine Fielding - 2021"
                    },
                    {
                        "LAYER1": "MANIBHARATHI",
                        "FIND": "Henry Hai Yu - 2022"
                    },
                    {
                        "LAYER1": "MANIBHARATHI",
                        "FIND": "Binula Wickramarachchi-2022"
                    },
                    {
                        "LAYER1": "MANIBHARATHI",
                        "FIND": "Meera Abdulmajid Ladha - 2022"
                    },
                    {
                        "LAYER1": "MANIBHARATHI",
                        "FIND": "Ru Hui Khoo - 2022"
                    },
                    {
                        "LAYER1": "MANIBHARATHI",
                        "FIND": "Eliora Morris - 2022"
                    },
                    {
                        "LAYER1": "MANIBHARATHI",
                        "FIND": "Lauren MacArthur - 2022"
                    },
                    {
                        "LAYER1": "MANIBHARATHI",
                        "FIND": "Evelyne Cheng-2022"
                    },
                    {
                        "LAYER1": "MANIBHARATHI",
                        "FIND": "Lachlan Kwa-2022"
                    },
                    {
                        "LAYER1": "MANIBHARATHI",
                        "FIND": "Greasha Rathnasekara - 2022"
                    },
                    {
                        "LAYER1": "MANIBHARATHI",
                        "FIND": "Nisha Nanoo-2022"
                    },
                    {
                        "LAYER1": "MANIBHARATHI",
                        "FIND": "Amelia Marshallsea-2022"
                    },
                    {
                        "LAYER1": "MANIBHARATHI",
                        "FIND": "Darius Tan-2022"
                    },
                    {
                        "LAYER1": "MANIBHARATHI",
                        "FIND": "Lachlan Kwa "
                    },
                    {
                        "LAYER1": "MANIBHARATHI",
                        "FIND": "Yuanna Zhou-2022"
                    },
                    {
                        "LAYER1": "MANIBHARATHI",
                        "FIND": "Stiofan O Conghaile-2022"
                    },
                    {
                        "LAYER1": "MANIBHARATHI",
                        "FIND": "Anne Ky-2022"
                    },
                    {
                        "LAYER1": "MANIBHARATHI",
                        "FIND": "Robert Wong-2022"
                    },
                    {
                        "LAYER1": "MANIBHARATHI",
                        "FIND": "Siang Mei Sally Ooi - 2022"
                    },
                    {
                        "LAYER1": "MANIBHARATHI",
                        "FIND": "Aspasia Pefanis - 2022 "
                    },
                    {
                        "LAYER1": "MANIBHARATHI",
                        "FIND": "Szczepan Nowakowsk - 2022"
                    },
                    {
                        "LAYER1": "MANIBHARATHI",
                        "FIND": "Ameet Gupta - 2022"
                    },
                    {
                        "LAYER1": "MANIBHARATHI",
                        "FIND": "Thomas Wright-2022"
                    },
                    {
                        "LAYER1": "MANIBHARATHI",
                        "FIND": "Kuhendra Balakrishnan - 2022"
                    },
                    {
                        "LAYER1": "MANIBHARATHI",
                        "FIND": "Bradley Smith-2022"
                    },
                    {
                        "LAYER1": "MANIBHARATHI",
                        "FIND": "Daniel Roper-2022"
                    },
                    {
                        "LAYER1": "MANIBHARATHI",
                        "FIND": "Ben Dowdle-2021"
                    },
                    {
                        "LAYER1": "MANIBHARATHI",
                        "FIND": "Alastair Bateman-2022"
                    },
                    {
                        "LAYER1": "MANIBHARATHI",
                        "FIND": "Ben Dowdle-2022"
                    },
                    {
                        "LAYER1": "MANIBHARATHI",
                        "FIND": "Hannah Dowdle-2021"
                    },
                    {
                        "LAYER1": "MANIBHARATHI",
                        "FIND": "Ben Dowdle-2021"
                    },
                    {
                        "LAYER1": "MANIBHARATHI",
                        "FIND": "Aisha Ali - Dec BAS 20222"
                    },
                    {
                        "LAYER1": "MANIBHARATHI",
                        "FIND": "Hannah Dowdle-2022"
                    },
                    {
                        "LAYER1": "MANIBHARATHI",
                        "FIND": "Katie Milne - Dec BAS -2022"
                    },
                    {
                        "LAYER1": "MANIBHARATHI",
                        "FIND": "Aaron Hui-2022"
                    },
                    {
                        "LAYER1": "MANIBHARATHI",
                        "FIND": "Patrick Ruane - Dec BAS  - 2022"
                    },
                    {
                        "LAYER1": "MANIBHARATHI",
                        "FIND": "Kai Leong - Dec BAS - 20222"
                    },
                    {
                        "LAYER1": "MANIBHARATHI",
                        "FIND": "Leon Worth-2022"
                    },
                    {
                        "LAYER1": "MANIBHARATHI",
                        "FIND": "Jimmy Lam-2022"
                    },
                    {
                        "LAYER1": "MANIBHARATHI",
                        "FIND": "JR Diagnostics Imaging - Dec BAS - 2022"
                    },
                    {
                        "LAYER1": "MANIBHARATHI",
                        "FIND": "Caroline Macari-2022"
                    },
                    {
                        "LAYER1": "MANIBHARATHI",
                        "FIND": "Sora Al Safi - Dec BAS - 2022"
                    },
                    {
                        "LAYER1": "MANIBHARATHI",
                        "FIND": "Kathleen McGrath-2022"
                    },
                    {
                        "LAYER1": "MANIBHARATHI",
                        "FIND": "Maneesha Manglick - Dec BAS - 2022"
                    },
                    {
                        "LAYER1": "MANIBHARATHI",
                        "FIND": "Timothy Penno - Dec BAS - 2022"
                    },
                    {
                        "LAYER1": "MANIBHARATHI",
                        "FIND": "Liam Ferguson-2022-"
                    },
                    {
                        "LAYER1": "MANIBHARATHI",
                        "FIND": "Nick Swan - Dec BAS -2022"
                    },
                    {
                        "LAYER1": "MANIBHARATHI",
                        "FIND": "Aylin Seven - Dec 2022 BAS"
                    },
                    {
                        "LAYER1": "MANIBHARATHI",
                        "FIND": "Oscar Robinson - 2022 ="
                    },
                    {
                        "LAYER1": "MANIBHARATHI",
                        "FIND": "Georgette Paatsch-2022"
                    },
                    {
                        "LAYER1": "MANIBHARATHI",
                        "FIND": "Mitchell OLeary-2022"
                    },
                    {
                        "LAYER1": "MANIBHARATHI",
                        "FIND": "Kelvin Kan - 2022"
                    },
                    {
                        "LAYER1": "MANIBHARATHI",
                        "FIND": "David Warncken - 2022"
                    },
                    {
                        "LAYER1": "MANIBHARATHI",
                        "FIND": "Dharamraj Sohawon-2022"
                    },
                    {
                        "LAYER1": "MANIBHARATHI",
                        "FIND": "Jeremy Friend-2022"
                    },
                    {
                        "LAYER1": "MANIBHARATHI",
                        "FIND": "Calida Howarth - 2022"
                    },
                    {
                        "LAYER1": "MANIBHARATHI",
                        "FIND": "Cameron Ewert - 2022"
                    },
                    {
                        "LAYER1": "MANIBHARATHI",
                        "FIND": "Jia Jia Shen - 2022"
                    },
                    {
                        "LAYER1": "MANIBHARATHI",
                        "FIND": "Gray Hadfield - 2022"
                    },
                    {
                        "LAYER1": "MANIBHARATHI",
                        "FIND": "Lisa Hui-2022"
                    },
                    {
                        "LAYER1": "MANIBHARATHI",
                        "FIND": "James Molony - 2022 "
                    },
                    {
                        "LAYER1": "MANIBHARATHI",
                        "FIND": "Jenny Ching-Min Huang"
                    },
                    {
                        "LAYER1": "MANIBHARATHI",
                        "FIND": "Sally Shepherd-2022"
                    },
                    {
                        "LAYER1": "MANIBHARATHI",
                        "FIND": "Iqbal multani - 2022"
                    },
                    {
                        "LAYER1": "MANIBHARATHI",
                        "FIND": "Jaqueline Henwood-2022"
                    },
                    {
                        "LAYER1": "MANIBHARATHI",
                        "FIND": "Geoffrey Harley-2022"
                    },
                    {
                        "LAYER1": "MANIBHARATHI",
                        "FIND": "Aaron Choy - 2022"
                    },
                    {
                        "LAYER1": "MANIBHARATHI",
                        "FIND": "Elizabeth Canale-2022"
                    },
                    {
                        "LAYER1": "MANIBHARATHI",
                        "FIND": "Michael Eva - 2022"
                    },
                    {
                        "LAYER1": "MANIBHARATHI",
                        "FIND": "Alicia Montgomery - 2022"
                    },
                    {
                        "LAYER1": "MANIBHARATHI",
                        "FIND": "Siew Yeong - 2022"
                    },
                    {
                        "LAYER1": "MANIBHARATHI",
                        "FIND": "Khin Ming - 2022"
                    },
                    {
                        "LAYER1": "MANIBHARATHI",
                        "FIND": "Xin Jin - 2022"
                    },
                    {
                        "LAYER1": "MANIBHARATHI",
                        "FIND": "Greer Wilson-2021"
                    },
                    {
                        "LAYER1": "MANIBHARATHI",
                        "FIND": "Robert Mahar - 2021"
                    },
                    {
                        "LAYER1": "MANIBHARATHI",
                        "FIND": "Rick Davis - 2022"
                    },
                    {
                        "LAYER1": "MANIBHARATHI",
                        "FIND": "Mei Mei Ho - 2022"
                    },
                    {
                        "LAYER1": "MANIBHARATHI",
                        "FIND": "Shoko Satake - 2022"
                    },
                    {
                        "LAYER1": "MANIBHARATHI",
                        "FIND": "Greer Wilson-2022"
                    },
                    {
                        "LAYER1": "MANIBHARATHI",
                        "FIND": "Diane D Rosario - 2022"
                    },
                    {
                        "LAYER1": "MANIBHARATHI",
                        "FIND": "Rebecca Wong - 2022"
                    },
                    {
                        "LAYER1": "MANIBHARATHI",
                        "FIND": "Adam West - 2022"
                    },
                    {
                        "LAYER1": "MANIBHARATHI",
                        "FIND": "Daniel Sullivan - 2022"
                    },
                    {
                        "LAYER1": "MANIBHARATHI",
                        "FIND": "Stephen Murphy-2022"
                    },
                    {
                        "LAYER1": "MANIBHARATHI",
                        "FIND": "Robert Mahar - 2022"
                    },
                    {
                        "LAYER1": "MANIBHARATHI",
                        "FIND": "Lyndall Smythe - 2022"
                    },
                    {
                        "LAYER1": "MANIBHARATHI",
                        "FIND": "Cheryl Yim - 2022"
                    },
                    {
                        "LAYER1": "MANIBHARATHI",
                        "FIND": "Jayde Galleti-2022"
                    },
                    {
                        "LAYER1": "MANIBHARATHI",
                        "FIND": "Michael Eller-2022"
                    },
                    {
                        "LAYER1": "MANIBHARATHI",
                        "FIND": "Shifra Naderi-2022"
                    },
                    {
                        "LAYER1": "MANIBHARATHI",
                        "FIND": "Samuel Chee-2022"
                    },
                    {
                        "LAYER1": "MANIBHARATHI",
                        "FIND": "Thomas Copping - 2022 "
                    },
                    {
                        "LAYER1": "MANIBHARATHI",
                        "FIND": "Emily Fusinato - 2022"
                    },
                    {
                        "LAYER1": "MANIBHARATHI",
                        "FIND": "Cindy Bao - 2022"
                    },
                    {
                        "LAYER1": "MANIBHARATHI",
                        "FIND": "Suzanne Ashdown - 2022"
                    },
                    {
                        "LAYER1": "MANIBHARATHI",
                        "FIND": "Sarah Hosking-2022"
                    },
                    {
                        "LAYER1": "MANIBHARATHI",
                        "FIND": "Sarah Hosking-2022"
                    },
                    {
                        "LAYER1": "MANIBHARATHI",
                        "FIND": "Sarah Hosking-2022"
                    },
                    {
                        "LAYER1": "MANIBHARATHI",
                        "FIND": "Stephanie Bond - 2022 "
                    },
                    {
                        "LAYER1": "MANIBHARATHI",
                        "FIND": "Stephanie Bond - 2022 "
                    },
                    {
                        "LAYER1": "MANIBHARATHI",
                        "FIND": "Stephanie Bond - 2022 "
                    },
                    {
                        "LAYER1": "MANIBHARATHI",
                        "FIND": "Stephanie Bond - 2022 "
                    },
                    {
                        "LAYER1": "MANIBHARATHI",
                        "FIND": "Stephanie Bond - 2022 "
                    },
                    {
                        "LAYER1": "MANIBHARATHI",
                        "FIND": "Stephanie Bond - 2022 "
                    },
                    {
                        "LAYER1": "MANIBHARATHI",
                        "FIND": "Eleanor Bott - 2022"
                    },
                    {
                        "LAYER1": "MANIBHARATHI",
                        "FIND": "Cressida Wall - 2022"
                    },
                    {
                        "LAYER1": "MANIBHARATHI",
                        "FIND": "William Jiang-2022"
                    },
                    {
                        "LAYER1": "MANIBHARATHI",
                        "FIND": "Richard Bassed - 2022"
                    },
                    {
                        "LAYER1": "MANIBHARATHI",
                        "FIND": "Stephanie Teague - 2022"
                    },
                    {
                        "LAYER1": "MANIBHARATHI",
                        "FIND": "Yao Derek Ding - 2022"
                    },
                    {
                        "LAYER1": "MANIBHARATHI",
                        "FIND": "Christopher Mason-2022"
                    },
                    {
                        "LAYER1": "MANIBHARATHI",
                        "FIND": "Paul Creedon-2022"
                    },
                    {
                        "LAYER1": "MANIBHARATHI",
                        "FIND": "Matthew Reynolds - 2022"
                    },
                    {
                        "LAYER1": "MANIBHARATHI",
                        "FIND": "Kathleen Morrisroe-2022"
                    },
                    {
                        "LAYER1": "MANIBHARATHI",
                        "FIND": "Tania Orr - 2022"
                    },
                    {
                        "LAYER1": "MANIBHARATHI",
                        "FIND": "Jana Lau - 2022"
                    },
                    {
                        "LAYER1": "MANIBHARATHI",
                        "FIND": "Tara Mahon( Smith )-2022"
                    },
                    {
                        "LAYER1": "MANIBHARATHI",
                        "FIND": "Joshua Laing - 2022"
                    },
                    {
                        "LAYER1": "MANIBHARATHI",
                        "FIND": "Jonathan Insermini-2022"
                    },
                    {
                        "LAYER1": "MANIBHARATHI",
                        "FIND": "Shelley Coburn Toy - 2022"
                    },
                    {
                        "LAYER1": "MANIBHARATHI",
                        "FIND": "Adam Straub - 2022"
                    },
                    {
                        "LAYER1": "MANIBHARATHI",
                        "FIND": "Stuart Keenan - 2022"
                    },
                    {
                        "LAYER1": "MANIBHARATHI",
                        "FIND": "Noriko Kawasaki - 2022"
                    },
                    {
                        "LAYER1": "MANIBHARATHI",
                        "FIND": "Ashish Jaison - 2022"
                    },
                    {
                        "LAYER1": "MANIBHARATHI",
                        "FIND": "William Raffle - 2022"
                    },
                    {
                        "LAYER1": "MANIBHARATHI",
                        "FIND": "Kai En Leong - 2022"
                    },
                    {
                        "LAYER1": "MANIBHARATHI",
                        "FIND": "Jan  Riley - 2022"
                    },
                    {
                        "LAYER1": "MANIBHARATHI",
                        "FIND": "Carine Catron"
                    },
                    {
                        "LAYER1": "MANIBHARATHI",
                        "FIND": "Joan Chong - 2022"
                    },
                    {
                        "LAYER1": "MANIBHARATHI",
                        "FIND": "Bharathy Gunasekaran"
                    },
                    {
                        "LAYER1": "MANIBHARATHI",
                        "FIND": " Bharathy Gunasekaran-2022"
                    },
                    {
                        "LAYER1": "MANIBHARATHI",
                        "FIND": "Daniel Kinston (KIND01)"
                    },
                    {
                        "LAYER1": "MANIBHARATHI",
                        "FIND": "Alisha Rawal - 2022"
                    },
                    {
                        "LAYER1": "MANIBHARATHI",
                        "FIND": "Luke Gibson (GIBL01)"
                    },
                    {
                        "LAYER1": "MANIBHARATHI",
                        "FIND": "Richard Ross - 2022"
                    },
                    {
                        "LAYER1": "MANIBHARATHI",
                        "FIND": "Richard Ross - 2022"
                    },
                    {
                        "LAYER1": "MANIBHARATHI",
                        "FIND": "Fei Bing"
                    },
                    {
                        "LAYER1": "MANIBHARATHI",
                        "FIND": "Andrew Catran - 2022"
                    },
                    {
                        "LAYER1": "MANIBHARATHI",
                        "FIND": "Natarssha Ryland-2021"
                    },
                    {
                        "LAYER1": "MANIBHARATHI",
                        "FIND": "Georgia Midgley"
                    },
                    {
                        "LAYER1": "MANIBHARATHI",
                        "FIND": "Natarssha Ryland-2022"
                    },
                    {
                        "LAYER1": "MANIBHARATHI",
                        "FIND": "Clara Chan - 2022"
                    },
                    {
                        "LAYER1": "MANIBHARATHI",
                        "FIND": "Antonia planinic ( PLAA01)"
                    },
                    {
                        "LAYER1": "MANIBHARATHI",
                        "FIND": "Michelle Truong"
                    },
                    {
                        "LAYER1": "MANIBHARATHI",
                        "FIND": "Harry Sivakumar-2022"
                    },
                    {
                        "LAYER1": "MANIBHARATHI",
                        "FIND": "Belinda Jennings - 2022"
                    },
                    {
                        "LAYER1": "MANIBHARATHI",
                        "FIND": "Andrea Hickman - 2022"
                    },
                    {
                        "LAYER1": "MANIBHARATHI",
                        "FIND": "Nina Parthasarathy-2022"
                    },
                    {
                        "LAYER1": "MANIBHARATHI",
                        "FIND": "Shakira Kumar-2022"
                    },
                    {
                        "LAYER1": "MANIBHARATHI",
                        "FIND": "Rhys Evans - 2022"
                    },
                    {
                        "LAYER1": "MANIBHARATHI",
                        "FIND": "Georgia Midgley - 2022"
                    },
                    {
                        "LAYER1": "MANIBHARATHI",
                        "FIND": "Antonia Planinic-2022"
                    },
                    {
                        "LAYER1": "MANIBHARATHI",
                        "FIND": "Naoko Tomlinson 2022"
                    },
                    {
                        "LAYER1": "MANIBHARATHI",
                        "FIND": "Shu Lin Pook-2022"
                    },
                    {
                        "LAYER1": "MANIBHARATHI",
                        "FIND": "Su Kah Goh - 2022"
                    },
                    {
                        "LAYER1": "MANIBHARATHI",
                        "FIND": "Anita Jaison - 2022"
                    },
                    {
                        "LAYER1": "MANIBHARATHI",
                        "FIND": "Luke De La Rue"
                    },
                    {
                        "LAYER1": "MANIBHARATHI",
                        "FIND": "Morgan Roney"
                    },
                    {
                        "LAYER1": "MANIBHARATHI",
                        "FIND": "Ashish Jaison - 2022"
                    },
                    {
                        "LAYER1": "MANIBHARATHI",
                        "FIND": "Yujin Park - 2022"
                    },
                    {
                        "LAYER1": "MANIBHARATHI",
                        "FIND": "Andrew Hewett - 2022"
                    },
                    {
                        "LAYER1": "MANIBHARATHI",
                        "FIND": "Morgan Roney - 2022 "
                    },
                    {
                        "LAYER1": "MANIBHARATHI",
                        "FIND": "Luke De La Rue - 2022"
                    },
                    {
                        "LAYER1": "MANIBHARATHI",
                        "FIND": "Aaron Choy-2022"
                    },
                    {
                        "LAYER1": "MANIBHARATHI",
                        "FIND": "Iman Shames-2022"
                    },
                    {
                        "LAYER1": "MANIBHARATHI",
                        "FIND": "Cameron Scott-2022"
                    },
                    {
                        "LAYER1": "MANIBHARATHI",
                        "FIND": "Jessica Leadbetter - 2022"
                    },
                    {
                        "LAYER1": "MANIBHARATHI",
                        "FIND": "Dale Theron 2022"
                    },
                    {
                        "LAYER1": "MANIBHARATHI",
                        "FIND": "Neil Glassford - 2022"
                    },
                    {
                        "LAYER1": "MANIBHARATHI",
                        "FIND": "Jonathan Henry -2022"
                    },
                    {
                        "LAYER1": "MANIBHARATHI",
                        "FIND": "Jonathan Henry -2022"
                    },
                    {
                        "LAYER1": "MANIBHARATHI",
                        "FIND": "Sandra Lusster"
                    },
                    {
                        "LAYER1": "MANIBHARATHI",
                        "FIND": "Sandra Lussier - 2022"
                    },
                    {
                        "LAYER1": "MANIBHARATHI",
                        "FIND": "Nicole Lafontaine - 2022"
                    },
                    {
                        "LAYER1": "MANIBHARATHI",
                        "FIND": "Isaac Goncalves-2022"
                    },
                    {
                        "LAYER1": "MANIBHARATHI",
                        "FIND": "Robert Nursr - 2022"
                    },
                    {
                        "LAYER1": "MANIBHARATHI",
                        "FIND": "Robert Nurse - 2022"
                    },
                    {
                        "LAYER1": "MANIBHARATHI",
                        "FIND": "Caroline Bate-2022"
                    },
                    {
                        "LAYER1": "MANIBHARATHI",
                        "FIND": "Tamaryn Nurse - 2022"
                    },
                    {
                        "LAYER1": "MANIBHARATHI",
                        "FIND": "Angelika Na-2022"
                    },
                    {
                        "LAYER1": "MANIBHARATHI",
                        "FIND": "Magdalena Janiak - 2022"
                    },
                    {
                        "LAYER1": "MANIBHARATHI",
                        "FIND": "Abbey Willcox-2022"
                    },
                    {
                        "LAYER1": "MANIBHARATHI",
                        "FIND": "Yuan Lim - 2022"
                    },
                    {
                        "LAYER1": "MANIBHARATHI",
                        "FIND": "Jennifer Richardson-2022"
                    },
                    {
                        "LAYER1": "MANIBHARATHI",
                        "FIND": "Kah Peck - 2022"
                    },
                    {
                        "LAYER1": "MANIBHARATHI",
                        "FIND": "Sean Stevens - 2022"
                    },
                    {
                        "LAYER1": "MANIBHARATHI",
                        "FIND": "Laura Downie - 2022"
                    },
                    {
                        "LAYER1": "MANIBHARATHI",
                        "FIND": "Jack Gerrard - 2022"
                    },
                    {
                        "LAYER1": "MANIBHARATHI",
                        "FIND": "Smitha Machumpurath - 2022"
                    },
                    {
                        "LAYER1": "MANIBHARATHI",
                        "FIND": "Holly Rennie - 2022"
                    },
                    {
                        "LAYER1": "MANIBHARATHI",
                        "FIND": "Anna Antony - 2022"
                    },
                    {
                        "LAYER1": "MANIBHARATHI",
                        "FIND": "Anna Antony - 2022"
                    },
                    {
                        "LAYER1": "MANIBHARATHI",
                        "FIND": "Monica Roberts - 2022"
                    },
                    {
                        "LAYER1": "MANIBHARATHI",
                        "FIND": "Robbie Black-2022"
                    },
                    {
                        "LAYER1": "MANIBHARATHI",
                        "FIND": "Robbie Black-2022"
                    },
                    {
                        "LAYER1": "MANIBHARATHI",
                        "FIND": "Caleb Rennie-2022"
                    },
                    {
                        "LAYER1": "MANIBHARATHI",
                        "FIND": "Micah Wright Taylor - 2022"
                    },
                    {
                        "LAYER1": "MANIBHARATHI",
                        "FIND": "Luke Campbell-2022"
                    },
                    {
                        "LAYER1": "MANIBHARATHI",
                        "FIND": "Yoko Asakawa-2022"
                    },
                    {
                        "LAYER1": "MANIBHARATHI",
                        "FIND": "Yoko Asakawa-2022"
                    },
                    {
                        "LAYER1": "MANIBHARATHI",
                        "FIND": "Victoria Snowball - 2022"
                    },
                    {
                        "LAYER1": "MANIBHARATHI",
                        "FIND": "Natalia Rode - 2022"
                    },
                    {
                        "LAYER1": "MANIBHARATHI",
                        "FIND": "Amber Kennedy - 2022"
                    },
                    {
                        "LAYER1": "MANIBHARATHI",
                        "FIND": "Orla Baker-2022"
                    },
                    {
                        "LAYER1": "MANIBHARATHI",
                        "FIND": "Patrick Sunderland-2021"
                    },
                    {
                        "LAYER1": "MANIBHARATHI",
                        "FIND": "Kevin So - 2022"
                    },
                    {
                        "LAYER1": "MANIBHARATHI",
                        "FIND": "Rinki Giri-2022"
                    },
                    {
                        "LAYER1": "MANIBHARATHI",
                        "FIND": "Mailen Farag - 2022"
                    },
                    {
                        "LAYER1": "MANIBHARATHI",
                        "FIND": "Mark Farag - 2022"
                    },
                    {
                        "LAYER1": "MANIBHARATHI",
                        "FIND": "Michael Jensz-2022"
                    },
                    {
                        "LAYER1": "MANIBHARATHI",
                        "FIND": "Kalina Murday-2022"
                    },
                    {
                        "LAYER1": "MANIBHARATHI",
                        "FIND": "Mark Farag - 2022"
                    },
                    {
                        "LAYER1": "MANIBHARATHI",
                        "FIND": "Meghal Parekh - 2022"
                    },
                    {
                        "LAYER1": "MANIBHARATHI",
                        "FIND": "Noam Winter-2022"
                    },
                    {
                        "LAYER1": "MANIBHARATHI",
                        "FIND": "Gregory Leverett - 2022"
                    },
                    {
                        "LAYER1": "MANIBHARATHI",
                        "FIND": "Kelly Spencer - 2022"
                    },
                    {
                        "LAYER1": "MANIBHARATHI",
                        "FIND": "Mitchell O leary-2019"
                    },
                    {
                        "LAYER1": "MANIBHARATHI",
                        "FIND": "Mitchell O leary-2020"
                    },
                    {
                        "LAYER1": "MANIBHARATHI",
                        "FIND": "Simon Cornish-2022"
                    },
                    {
                        "LAYER1": "MANIBHARATHI",
                        "FIND": "Heman Kanagalingam - 2022"
                    },
                    {
                        "LAYER1": "MANIBHARATHI",
                        "FIND": "Rebekah Van Leest - 2022"
                    },
                    {
                        "LAYER1": "MANIBHARATHI",
                        "FIND": "Osama Elsewaisy-2022"
                    },
                    {
                        "LAYER1": "MANIBHARATHI",
                        "FIND": "Catherine Hibberd-2022"
                    },
                    {
                        "LAYER1": "MANIBHARATHI",
                        "FIND": "Juan Alhucema - 2022"
                    },
                    {
                        "LAYER1": "MANIBHARATHI",
                        "FIND": "Paulina Alhucema - 2022"
                    },
                    {
                        "LAYER1": "MANIBHARATHI",
                        "FIND": "Catherine Hibberd-2022"
                    },
                    {
                        "LAYER1": "MANIBHARATHI",
                        "FIND": "Ben Swinard - 2022"
                    },
                    {
                        "LAYER1": "MANIBHARATHI",
                        "FIND": "Chantal Esnault - 2022"
                    },
                    {
                        "LAYER1": "MANIBHARATHI",
                        "FIND": "David Camilleri-2022"
                    },
                    {
                        "LAYER1": "MANIBHARATHI",
                        "FIND": "Nyree O Connor - 2022"
                    },
                    {
                        "LAYER1": "MANIBHARATHI",
                        "FIND": "Claire Sethu-2022"
                    },
                    {
                        "LAYER1": "MANIBHARATHI",
                        "FIND": "Danielle Fitzpatrick - 2022"
                    },
                    {
                        "LAYER1": "MANIBHARATHI",
                        "FIND": "Jenny Hellsing-2022"
                    },
                    {
                        "LAYER1": "MANIBHARATHI",
                        "FIND": "Zhen Siow - 2022"
                    },
                    {
                        "LAYER1": "MANIBHARATHI",
                        "FIND": "Preeya Alexander - 2022"
                    },
                    {
                        "LAYER1": "MANIBHARATHI",
                        "FIND": "Luisa Clucas-2022"
                    },
                    {
                        "LAYER1": "MANIBHARATHI",
                        "FIND": "Olivia Kilroy - 2022"
                    },
                    {
                        "LAYER1": "MANIBHARATHI",
                        "FIND": "Philip Johnson - 2022"
                    },
                    {
                        "LAYER1": "MANIBHARATHI",
                        "FIND": "David Kirszbaum - 2022"
                    },
                    {
                        "LAYER1": "MANIBHARATHI",
                        "FIND": "Kristy Yap - 2022"
                    },
                    {
                        "LAYER1": "MANIBHARATHI",
                        "FIND": "Usman Mahmood - 2022"
                    },
                    {
                        "LAYER1": "MANIBHARATHI",
                        "FIND": "Olivia Millay - 2022"
                    },
                    {
                        "LAYER1": "MANIBHARATHI",
                        "FIND": "David Carruthers-2022"
                    },
                    {
                        "LAYER1": "MANIBHARATHI",
                        "FIND": "Jenny Ng-2022"
                    },
                    {
                        "LAYER1": "MANIBHARATHI",
                        "FIND": "Christine Suriadi-2022"
                    },
                    {
                        "LAYER1": "MANIBHARATHI",
                        "FIND": "Brett Xu-2022"
                    },
                    {
                        "LAYER1": "MANIBHARATHI",
                        "FIND": "Andrew Angus - 2022"
                    },
                    {
                        "LAYER1": "MANIBHARATHI",
                        "FIND": "Kate Buttifant - 2022"
                    },
                    {
                        "LAYER1": "MANIBHARATHI",
                        "FIND": "Catherine Hibberd-2022"
                    },
                    {
                        "LAYER1": "MANIBHARATHI",
                        "FIND": "Subash Srikantha - 2022"
                    },
                    {
                        "LAYER1": "MANIBHARATHI",
                        "FIND": "Uma Subash - 2022"
                    },
                    {
                        "LAYER1": "MANIBHARATHI",
                        "FIND": "Rajan Guha - 2022"
                    },
                    {
                        "LAYER1": "MANIBHARATHI",
                        "FIND": "Laura Valea-2018"
                    },
                    {
                        "LAYER1": "MANIBHARATHI",
                        "FIND": "Hsiang-Han Hsieh - 2022"
                    },
                    {
                        "LAYER1": "MANIBHARATHI",
                        "FIND": "Ed O Bryan-2022"
                    },
                    {
                        "LAYER1": "MANIBHARATHI",
                        "FIND": "Elisabeth Clinch - 2022"
                    },
                    {
                        "LAYER1": "MANIBHARATHI",
                        "FIND": "Kaleb Lourensz-2022"
                    },
                    {
                        "LAYER1": "MANIBHARATHI",
                        "FIND": "Amy Robertson-2022"
                    },
                    {
                        "LAYER1": "MANIBHARATHI",
                        "FIND": "Nicolas Phipps-2022"
                    }
                ]
            },
            {
                "LAYERx2": [
                    {
                        "LAYER2": "ITR",
                        "FIND": "MANIBHARATHI"
                    },
                    {
                        "LAYER2": "ITR",
                        "FIND": "MANIBHARATHI"
                    },
                    {
                        "LAYER2": "ITR",
                        "FIND": "MANIBHARATHI"
                    },
                    {
                        "LAYER2": "ITR",
                        "FIND": "MANIBHARATHI"
                    },
                    {
                        "LAYER2": "ITR",
                        "FIND": "MANIBHARATHI"
                    },
                    {
                        "LAYER2": "Adhoc",
                        "FIND": "MANIBHARATHI"
                    }
                ]
            },
            {
                "LAYERx3": [
                    {
                        "LAYER3": "Stage 1 Process",
                        "FIND": "ITR",
                        "FINDM": "MANIBHARATHI"
                    },
                    {
                        "LAYER3": "Stage 1 Review",
                        "FIND": "ITR",
                        "FINDM": "MANIBHARATHI"
                    },
                    {
                        "LAYER3": "Stage 2 Process",
                        "FIND": "ITR",
                        "FINDM": "MANIBHARATHI"
                    },
                    {
                        "LAYER3": "Stage 2 Reivew",
                        "FIND": "ITR",
                        "FINDM": "MANIBHARATHI"
                    },
                    {
                        "LAYER3": "Fixing Client Review points",
                        "FIND": "ITR",
                        "FINDM": "MANIBHARATHI"
                    },
                    {
                        "LAYER3": "BAS",
                        "FIND": "Adhoc",
                        "FINDM": "MANIBHARATHI"
                    }
                ]
            },
            {
                "LAYERx4": []
            },
            {
                "LAYERx5": []
            },
            {
                "LAYERx6": []
            },
            {
                "LAYERx7": []
            },
            {
                "LAYERx8": []
            }
        ]
    },
    {
        "SUTinfo": [
            {
                "Stage 1 Process": "00:00:00"
            },
            {
                "Stage 1 Review": "00:00:00"
            },
            {
                "Stage 2 Process": "00:00:00"
            },
            {
                "Stage 2 Reivew": "00:00:00"
            },
            {
                "Fixing Client Review points": "00:00:00"
            },
            {
                "BAS": "00:00:00"
            }
        ]
    }
]