[
    {
        "configure": {
            "Team": "CDG ADVISORS",
            "NOCol": "4"
        }
    },
    {
        "LAYER": [
            {
                "LAYERx1": [
                    {
                        "LAYER1": "MANIBHARATHI",
                        "FIND": "Test1"
                    },
                    {
                        "LAYER1": "MANIBHARATHI",
                        "FIND": "Test1"
                    },
                    {
                        "LAYER1": "MANIBHARATHI",
                        "FIND": "Test1"
                    },
                    {
                        "LAYER1": "MANIBHARATHI",
                        "FIND": "Test1"
                    },
                    {
                        "LAYER1": "MANIBHARATHI",
                        "FIND": "Test1"
                    },
                    {
                        "LAYER1": "MANIBHARATHI",
                        "FIND": "Test1"
                    },
                    {
                        "LAYER1": "MANIBHARATHI",
                        "FIND": "Test1"
                    },
                    {
                        "LAYER1": "MANIBHARATHI",
                        "FIND": "Test1"
                    },
                    {
                        "LAYER1": "MANIBHARATHI",
                        "FIND": "Test1"
                    },
                    {
                        "LAYER1": "MANIBHARATHI",
                        "FIND": "Test1"
                    },
                    {
                        "LAYER1": "MANIBHARATHI",
                        "FIND": "Test1"
                    },
                    {
                        "LAYER1": "MANIBHARATHI",
                        "FIND": "Test1"
                    },
                    {
                        "LAYER1": "MANIBHARATHI",
                        "FIND": "Admin"
                    },
                    {
                        "LAYER1": "MANIBHARATHI",
                        "FIND": "Admin"
                    },
                    {
                        "LAYER1": "MANIBHARATHI",
                        "FIND": "Admin"
                    },
                    {
                        "LAYER1": "MANIBHARATHI",
                        "FIND": "Hillviews Conveyancy family Trust - Dec 2022 BAS"
                    },
                    {
                        "LAYER1": "MANIBHARATHI",
                        "FIND": "Sonia Hadjifotis"
                    },
                    {
                        "LAYER1": "MANIBHARATHI",
                        "FIND": "Desert Streams Family Trust"
                    },
                    {
                        "LAYER1": "MANIBHARATHI",
                        "FIND": "Desert Streams Family Trust"
                    },
                    {
                        "LAYER1": "MANIBHARATHI",
                        "FIND": "Desert Streams Family Trust"
                    },
                    {
                        "LAYER1": "MANIBHARATHI",
                        "FIND": "Daniel Riley ITR - 2022"
                    },
                    {
                        "LAYER1": "MANIBHARATHI",
                        "FIND": "Cobalt Service Group Pty Ltd - 2022 "
                    },
                    {
                        "LAYER1": "MANIBHARATHI",
                        "FIND": "Elsworth Industries Pty Ltd - Dec 2022"
                    },
                    {
                        "LAYER1": "MANIBHARATHI",
                        "FIND": "Costabile Family Trust"
                    },
                    {
                        "LAYER1": "MANIBHARATHI",
                        "FIND": "GJ Costabile Investments Family Trust"
                    },
                    {
                        "LAYER1": "MANIBHARATHI",
                        "FIND": "Daniel Doria"
                    },
                    {
                        "LAYER1": "MANIBHARATHI",
                        "FIND": "Coppola Family Trust - 2022 Year End"
                    },
                    {
                        "LAYER1": "MANIBHARATHI",
                        "FIND": "Core Super Pty Ltd - 2022 Year End"
                    },
                    {
                        "LAYER1": "MANIBHARATHI",
                        "FIND": "Yvonne Kerridge ITR 20233"
                    },
                    {
                        "LAYER1": "MANIBHARATHI",
                        "FIND": "CDG Finance Solutions Trust"
                    },
                    {
                        "LAYER1": "MANIBHARATHI",
                        "FIND": "Yvonne Kerridge ITR 2023"
                    },
                    {
                        "LAYER1": "MANIBHARATHI",
                        "FIND": "Yvonne Kerridge - 2022 ITR"
                    },
                    {
                        "LAYER1": "MANIBHARATHI",
                        "FIND": "Chris Kerridge - 2022 ITR"
                    },
                    {
                        "LAYER1": "MANIBHARATHI",
                        "FIND": "Admin"
                    },
                    {
                        "LAYER1": "MANIBHARATHI",
                        "FIND": "Admin"
                    },
                    {
                        "LAYER1": "MANIBHARATHI",
                        "FIND": "AAS &E Unit Trust - Dec 2022"
                    },
                    {
                        "LAYER1": "MANIBHARATHI",
                        "FIND": "Joe Berlangieri"
                    },
                    {
                        "LAYER1": "MANIBHARATHI",
                        "FIND": "CDG Real Estate Trust - 2022 Year End"
                    },
                    {
                        "LAYER1": "MANIBHARATHI",
                        "FIND": "Core Super Pty Ltd  Dec - 2022"
                    },
                    {
                        "LAYER1": "MANIBHARATHI",
                        "FIND": "Rose Berlangieri - 2022"
                    },
                    {
                        "LAYER1": "MANIBHARATHI",
                        "FIND": "NSP Consulting Pty Ltd  Dec - 2022"
                    },
                    {
                        "LAYER1": "MANIBHARATHI",
                        "FIND": "The Brigette O'Connor Family Trust - 2022 Year End"
                    },
                    {
                        "LAYER1": "MANIBHARATHI",
                        "FIND": "Capstone Homes Pty Ltd- 2022"
                    },
                    {
                        "LAYER1": "MANIBHARATHI",
                        "FIND": "NSP Consulting Pty Ltd  Dec - 2022"
                    },
                    {
                        "LAYER1": "MANIBHARATHI",
                        "FIND": "Selsea Tan - 2022"
                    },
                    {
                        "LAYER1": "MANIBHARATHI",
                        "FIND": "Praski Pty Ltd - 2022 Year End"
                    },
                    {
                        "LAYER1": "MANIBHARATHI",
                        "FIND": "CDG Wealth Unit Trust - 2022 Year End"
                    },
                    {
                        "LAYER1": "MANIBHARATHI",
                        "FIND": "Stuart McKenzie - 2016"
                    },
                    {
                        "LAYER1": "MANIBHARATHI",
                        "FIND": "Core Super Pty Ltd - Dec BAS 2022"
                    },
                    {
                        "LAYER1": "MANIBHARATHI",
                        "FIND": "CDG Wealth Unit TrustCDG Wealth Unit Trust - 2022 Year End"
                    },
                    {
                        "LAYER1": "MANIBHARATHI",
                        "FIND": "RC Consultancy Aust Trust - 2022 Dec  BAS"
                    },
                    {
                        "LAYER1": "MANIBHARATHI",
                        "FIND": "ym"
                    },
                    {
                        "LAYER1": "MANIBHARATHI",
                        "FIND": "YMK Consulting pty ltd - 2022 Dec BAS"
                    },
                    {
                        "LAYER1": "MANIBHARATHI",
                        "FIND": "Winston Lee"
                    },
                    {
                        "LAYER1": "MANIBHARATHI",
                        "FIND": "Zack Chisholm - 2022 ITR"
                    },
                    {
                        "LAYER1": "MANIBHARATHI",
                        "FIND": "Clover View Unit Trust - Book keeping"
                    },
                    {
                        "LAYER1": "MANIBHARATHI",
                        "FIND": "Zack Chisholm - ITWV 2023"
                    },
                    {
                        "LAYER1": "MANIBHARATHI",
                        "FIND": "Admin"
                    },
                    {
                        "LAYER1": "MANIBHARATHI",
                        "FIND": "Admin"
                    },
                    {
                        "LAYER1": "MANIBHARATHI",
                        "FIND": "Donna Gray  - 2020 ITR"
                    },
                    {
                        "LAYER1": "MANIBHARATHI",
                        "FIND": "Melinda Chisholm - 2022 ITR"
                    },
                    {
                        "LAYER1": "MANIBHARATHI",
                        "FIND": "Donna Gray  - 2021"
                    },
                    {
                        "LAYER1": "MANIBHARATHI",
                        "FIND": "Admin"
                    },
                    {
                        "LAYER1": "MANIBHARATHI",
                        "FIND": "Donna gray -  Annual BAS 2020"
                    },
                    {
                        "LAYER1": "MANIBHARATHI",
                        "FIND": "Hillviews Conveyancy family Trust -Jan 2023 BAS"
                    },
                    {
                        "LAYER1": "MANIBHARATHI",
                        "FIND": "Elsworth Industries Pty Ltd - Dec 2022"
                    },
                    {
                        "LAYER1": "MANIBHARATHI",
                        "FIND": "Huy Nguyen - ITR 2022"
                    },
                    {
                        "LAYER1": "MANIBHARATHI",
                        "FIND": "Rabbit09 Pty Ltd - Dec 2022 BAS"
                    },
                    {
                        "LAYER1": "MANIBHARATHI",
                        "FIND": "Zafino Pty Ltd - 2022 Year End"
                    },
                    {
                        "LAYER1": "MANIBHARATHI",
                        "FIND": "Rabbit09 Family Trust-  BAS Dec 2022"
                    },
                    {
                        "LAYER1": "MANIBHARATHI",
                        "FIND": "Rabbit09 Pty Ltd - IAS Jan 2023"
                    },
                    {
                        "LAYER1": "MANIBHARATHI",
                        "FIND": "Rabbit09 Family Trust-  BAS Dec 2022"
                    },
                    {
                        "LAYER1": "MANIBHARATHI",
                        "FIND": "PJD Family Trust"
                    },
                    {
                        "LAYER1": "MANIBHARATHI",
                        "FIND": "Clover View Unit Trust --  Dec  BAS 2022"
                    },
                    {
                        "LAYER1": "MANIBHARATHI",
                        "FIND": "Di Domenico Property Trust - Book-keeping"
                    },
                    {
                        "LAYER1": "MANIBHARATHI",
                        "FIND": "JSA Plumbing - Dec 2022 BAS"
                    },
                    {
                        "LAYER1": "MANIBHARATHI",
                        "FIND": "Jacki Leou - ITR 2022"
                    },
                    {
                        "LAYER1": "MANIBHARATHI",
                        "FIND": "CDG Advisors Unit Trust -  Year end Journal"
                    },
                    {
                        "LAYER1": "MANIBHARATHI",
                        "FIND": "Zafino International Pty Ltd - 2022 Year End"
                    },
                    {
                        "LAYER1": "MANIBHARATHI",
                        "FIND": "Tracy Mckenzie - 2009 - ITR"
                    },
                    {
                        "LAYER1": "MANIBHARATHI",
                        "FIND": "Tracy Mckenzie - 2010 - ITR"
                    },
                    {
                        "LAYER1": "MANIBHARATHI",
                        "FIND": "Tracy Mckenzie - 2010 - ITR"
                    },
                    {
                        "LAYER1": "MANIBHARATHI",
                        "FIND": "Tracy Mckenzie - 2012 - ITR"
                    },
                    {
                        "LAYER1": "MANIBHARATHI",
                        "FIND": "Tracy Mckenzie - 2012 - ITR"
                    },
                    {
                        "LAYER1": "MANIBHARATHI",
                        "FIND": "Tracy Mckenzie - 2013 - ITR"
                    },
                    {
                        "LAYER1": "MANIBHARATHI",
                        "FIND": "Tracy Mckenzie - 2013 - ITR"
                    },
                    {
                        "LAYER1": "MANIBHARATHI",
                        "FIND": "Tracy Mckenzie - 2013 - ITR"
                    },
                    {
                        "LAYER1": "MANIBHARATHI",
                        "FIND": "Tracy Mckenzie - 2017 - ITR"
                    },
                    {
                        "LAYER1": "MANIBHARATHI",
                        "FIND": "Tracy Mckenzie - 2019- ITR"
                    },
                    {
                        "LAYER1": "MANIBHARATHI",
                        "FIND": "Tracy Mckenzie - 2010 - ITR"
                    },
                    {
                        "LAYER1": "MANIBHARATHI",
                        "FIND": "Tracy Mckenzie - 2010 - ITR"
                    },
                    {
                        "LAYER1": "MANIBHARATHI",
                        "FIND": "Tracy Mckenzie - 2014 - ITR"
                    },
                    {
                        "LAYER1": "MANIBHARATHI",
                        "FIND": "Tracy Mckenzie - 2015 - ITR"
                    },
                    {
                        "LAYER1": "MANIBHARATHI",
                        "FIND": "Tracy Mckenzie - 2018- ITR"
                    },
                    {
                        "LAYER1": "MANIBHARATHI",
                        "FIND": "Admin"
                    },
                    {
                        "LAYER1": "MANIBHARATHI",
                        "FIND": "Stuart McKenzie - 2020- ITR"
                    },
                    {
                        "LAYER1": "MANIBHARATHI",
                        "FIND": "CDG Advisors Unit Trust - Dec 2022 BAS"
                    },
                    {
                        "LAYER1": "MANIBHARATHI",
                        "FIND": "Tracy Mckenzie - 2021 - ITR"
                    },
                    {
                        "LAYER1": "MANIBHARATHI",
                        "FIND": "CDG Wealth Unit Trust - 2022 Year End"
                    },
                    {
                        "LAYER1": "MANIBHARATHI",
                        "FIND": "M & M MEN'S CLIP JOINT PTY LTD"
                    },
                    {
                        "LAYER1": "MANIBHARATHI",
                        "FIND": "Stuart McKenzie - 2016- ITR"
                    },
                    {
                        "LAYER1": "MANIBHARATHI",
                        "FIND": "Stuart McKenzie - 2017- ITR"
                    },
                    {
                        "LAYER1": "MANIBHARATHI",
                        "FIND": "Nguyen Leou Family Trust"
                    },
                    {
                        "LAYER1": "MANIBHARATHI",
                        "FIND": "Stuart McKenzie - 2010- ITR"
                    },
                    {
                        "LAYER1": "MANIBHARATHI",
                        "FIND": "Stuart McKenzie - 2018- ITR"
                    },
                    {
                        "LAYER1": "MANIBHARATHI",
                        "FIND": "Stuart McKenzie - 2021- ITR"
                    },
                    {
                        "LAYER1": "MANIBHARATHI",
                        "FIND": "Stuart McKenzie - 2019 - ITR"
                    },
                    {
                        "LAYER1": "MANIBHARATHI",
                        "FIND": "Stuart McKenzie - 2020- ITR"
                    },
                    {
                        "LAYER1": "MANIBHARATHI",
                        "FIND": "Tracy Mckenzie - 2021- ITR"
                    },
                    {
                        "LAYER1": "MANIBHARATHI",
                        "FIND": "Tim chisholm - 2022 ITR"
                    },
                    {
                        "LAYER1": "MANIBHARATHI",
                        "FIND": "Stuart McKenzie - 2022- ITR"
                    },
                    {
                        "LAYER1": "MANIBHARATHI",
                        "FIND": "Serene Chisholm - ITR - 2022"
                    },
                    {
                        "LAYER1": "MANIBHARATHI",
                        "FIND": "CDG Finance Solutions Trust - Dec 2022 BAS"
                    },
                    {
                        "LAYER1": "MANIBHARATHI",
                        "FIND": "CDG Wealth Unit Trust -  BAS DEC  2022"
                    },
                    {
                        "LAYER1": "MANIBHARATHI",
                        "FIND": "DNB Electrical Pty Ltd - Dec 2022"
                    },
                    {
                        "LAYER1": "MANIBHARATHI",
                        "FIND": "CDG Finance Solutions Unit Trust - Dec BAS 2022"
                    },
                    {
                        "LAYER1": "MANIBHARATHI",
                        "FIND": "Allied Automation Security & Electrical Pty Ltd - Dec 2022 BAS"
                    },
                    {
                        "LAYER1": "MANIBHARATHI",
                        "FIND": "Costabile Family Trust - Dec 2022 BAS"
                    },
                    {
                        "LAYER1": "MANIBHARATHI",
                        "FIND": "DNA Telco Pty Ltd-  Dec 2022 BAS"
                    },
                    {
                        "LAYER1": "MANIBHARATHI",
                        "FIND": "Allied Automation Security & Electrical Pty Ltd - Nov 2022 IAS"
                    },
                    {
                        "LAYER1": "MANIBHARATHI",
                        "FIND": "Mauron Family Trust - Dec 2022 BAS"
                    },
                    {
                        "LAYER1": "MANIBHARATHI",
                        "FIND": "Tracy Mckenzie - 2011 - ITR"
                    },
                    {
                        "LAYER1": "MANIBHARATHI",
                        "FIND": "Tracy Mckenzie - 2016 - ITR"
                    },
                    {
                        "LAYER1": "MANIBHARATHI",
                        "FIND": "O'Leary\u00a0Shane(Roofing Matrix)"
                    },
                    {
                        "LAYER1": "MANIBHARATHI",
                        "FIND": "Hillviews Conveyancy family Trust - Feb 2023 BAS"
                    },
                    {
                        "LAYER1": "MANIBHARATHI",
                        "FIND": "CDG Real Estate Trust - BAS 2022 DEC"
                    },
                    {
                        "LAYER1": "MANIBHARATHI",
                        "FIND": "Carmelo Coppola - ITR 2022"
                    },
                    {
                        "LAYER1": "MANIBHARATHI",
                        "FIND": "Philipp Baumgartner - ITR 202 "
                    },
                    {
                        "LAYER1": "MANIBHARATHI",
                        "FIND": "Sustainable Energy Partners Pty Ltd - Dec2022 BAS"
                    },
                    {
                        "LAYER1": "MANIBHARATHI",
                        "FIND": "Chisholm Family Trust - 2022 Year End"
                    },
                    {
                        "LAYER1": "MANIBHARATHI",
                        "FIND": "Zafino Pty Ltd -  Dec 2022  BAS"
                    },
                    {
                        "LAYER1": "MANIBHARATHI",
                        "FIND": "Debbie Fox Family Trust -2022 - Year End"
                    },
                    {
                        "LAYER1": "MANIBHARATHI",
                        "FIND": "Daniel Doria BAS Sep 22"
                    },
                    {
                        "LAYER1": "MANIBHARATHI",
                        "FIND": "Maree Crammond - 2022 ITR"
                    },
                    {
                        "LAYER1": "MANIBHARATHI",
                        "FIND": "Daniel Doria BAS Dec 21"
                    },
                    {
                        "LAYER1": "MANIBHARATHI",
                        "FIND": "Donna Gray  - 2022 ITR"
                    },
                    {
                        "LAYER1": "MANIBHARATHI",
                        "FIND": "Donna Gray    - 2022"
                    },
                    {
                        "LAYER1": "MANIBHARATHI",
                        "FIND": "Daniel Doria BAS Mar 22"
                    },
                    {
                        "LAYER1": "MANIBHARATHI",
                        "FIND": "Daniel Doria BAS June 22"
                    },
                    {
                        "LAYER1": "MANIBHARATHI",
                        "FIND": "Daniel Doria BAS Sept 22"
                    },
                    {
                        "LAYER1": "MANIBHARATHI",
                        "FIND": "CDG Finance Solutions Trust"
                    },
                    {
                        "LAYER1": "MANIBHARATHI",
                        "FIND": "Daniel Doria BAS Dec 22"
                    },
                    {
                        "LAYER1": "MANIBHARATHI",
                        "FIND": "FIVE S CARPENTRY PTY LTD - Sep 21 - BAS"
                    },
                    {
                        "LAYER1": "MANIBHARATHI",
                        "FIND": "FIVE S CARPENTRY PTY LTD - Dec 21 - BAS"
                    },
                    {
                        "LAYER1": "MANIBHARATHI",
                        "FIND": "Matrix Roofing Trust - 2022"
                    },
                    {
                        "LAYER1": "MANIBHARATHI",
                        "FIND": "FIVE S CARPENTRY PTY LTD - Mar 22 - BAS"
                    },
                    {
                        "LAYER1": "MANIBHARATHI",
                        "FIND": "Allied Automation Security and Electrical - Jan 22 IAS"
                    },
                    {
                        "LAYER1": "MANIBHARATHI",
                        "FIND": "Rabbit09 Pty Ltd - IAS Feb 2023"
                    },
                    {
                        "LAYER1": "MANIBHARATHI",
                        "FIND": "Allied Automation Security and Electrical - Feb 22 IAS"
                    },
                    {
                        "LAYER1": "MANIBHARATHI",
                        "FIND": "Allied Automation Security and Electrical - Feb 22 IAS"
                    },
                    {
                        "LAYER1": "MANIBHARATHI",
                        "FIND": "FIVE S CARPENTRY PTY LTD"
                    },
                    {
                        "LAYER1": "MANIBHARATHI",
                        "FIND": "Robyn Lethlean - 2022 ITR"
                    },
                    {
                        "LAYER1": "MANIBHARATHI",
                        "FIND": "Philipp Baumgartner - ITR 20222"
                    },
                    {
                        "LAYER1": "MANIBHARATHI",
                        "FIND": "Phillipp Baumgartner - ITR 2022"
                    },
                    {
                        "LAYER1": "MANIBHARATHI",
                        "FIND": "Marea Franes - 2022 ITR"
                    },
                    {
                        "LAYER1": "MANIBHARATHI",
                        "FIND": "Core Super Pty Ltd - 2022 ITR "
                    },
                    {
                        "LAYER1": "MANIBHARATHI",
                        "FIND": "Maree Crammond - 2022 ITR"
                    },
                    {
                        "LAYER1": "MANIBHARATHI",
                        "FIND": "Chisholm Family Trust - 2022 Year End"
                    },
                    {
                        "LAYER1": "MANIBHARATHI",
                        "FIND": "D&J Di Domenico Family Trust - Dec 2022 BAS "
                    },
                    {
                        "LAYER1": "MANIBHARATHI",
                        "FIND": "George Kastanis - 2022 ITR"
                    },
                    {
                        "LAYER1": "MANIBHARATHI",
                        "FIND": "De Marco Matthew - ITR--2022 "
                    },
                    {
                        "LAYER1": "MANIBHARATHI",
                        "FIND": "John De Marco - 2022 ITR"
                    },
                    {
                        "LAYER1": "MANIBHARATHI",
                        "FIND": "Olivia Farrar - ITR - 2022"
                    },
                    {
                        "LAYER1": "MANIBHARATHI",
                        "FIND": "Laura Marcello - 2022 ITR"
                    },
                    {
                        "LAYER1": "MANIBHARATHI",
                        "FIND": "Core Super Pty Ltd - 2022 Year End"
                    },
                    {
                        "LAYER1": "MANIBHARATHI",
                        "FIND": "Oliver Chisholm - 2022 ITR"
                    },
                    {
                        "LAYER1": "MANIBHARATHI",
                        "FIND": "Marie De Marco - 2022 ITR"
                    },
                    {
                        "LAYER1": "MANIBHARATHI",
                        "FIND": "Coppola Family Trust - 2022 Year End"
                    },
                    {
                        "LAYER1": "MANIBHARATHI",
                        "FIND": "Chris Breer"
                    },
                    {
                        "LAYER1": "MANIBHARATHI",
                        "FIND": "Sue Breer"
                    },
                    {
                        "LAYER1": "MANIBHARATHI",
                        "FIND": "DNA Telco Pty Ltd - Year End 2022"
                    },
                    {
                        "LAYER1": "MANIBHARATHI",
                        "FIND": "David Thornton - 2022"
                    },
                    {
                        "LAYER1": "MANIBHARATHI",
                        "FIND": "DNA Telco Pty Ltd-  Mar 2023 BAS"
                    },
                    {
                        "LAYER1": "MANIBHARATHI",
                        "FIND": "Clover View Unit Trust -  Dec  BAS 2022"
                    },
                    {
                        "LAYER1": "MANIBHARATHI",
                        "FIND": "Hillviews Conveyancy family Trust - March  2023 BAS"
                    },
                    {
                        "LAYER1": "MANIBHARATHI",
                        "FIND": "AAS&E Unit Trust - Mar 2023 BAS"
                    },
                    {
                        "LAYER1": "MANIBHARATHI",
                        "FIND": "Di Domenico Property Trust - March 2023 BAS"
                    },
                    {
                        "LAYER1": "MANIBHARATHI",
                        "FIND": "CDG Real estate Unit Trust BAS -  Mar 2023"
                    },
                    {
                        "LAYER1": "MANIBHARATHI",
                        "FIND": "Cloverview Unit Trust - March 2023 BAS"
                    },
                    {
                        "LAYER1": "MANIBHARATHI",
                        "FIND": "Cloverview Unit Trust - March 2023 BAS"
                    },
                    {
                        "LAYER1": "MANIBHARATHI",
                        "FIND": "Cloverview Unit Trust - March 2023 BAS"
                    },
                    {
                        "LAYER1": "MANIBHARATHI",
                        "FIND": "CDG Real Estate - 2023 March BAS"
                    },
                    {
                        "LAYER1": "MANIBHARATHI",
                        "FIND": "Core Super Pty Ltd - 2023 March BAS"
                    },
                    {
                        "LAYER1": "MANIBHARATHI",
                        "FIND": "Core Super Pty Ltd - 2023 March BAS"
                    },
                    {
                        "LAYER1": "MANIBHARATHI",
                        "FIND": "Document Request for BAS - March 2023"
                    },
                    {
                        "LAYER1": "MANIBHARATHI",
                        "FIND": "MM coppola Family Trust-- BAS March 2023"
                    },
                    {
                        "LAYER1": "MANIBHARATHI",
                        "FIND": "Rabbit09 Family Trust - BAS March 2023"
                    },
                    {
                        "LAYER1": "MANIBHARATHI",
                        "FIND": "Elsworth Industries Pty Ltd - 2022"
                    },
                    {
                        "LAYER1": "MANIBHARATHI",
                        "FIND": "Ezy Finance Holdings Pty Ltd - 2022 Year End"
                    },
                    {
                        "LAYER1": "MANIBHARATHI",
                        "FIND": "Mylinh Riley - 2022 ITR"
                    },
                    {
                        "LAYER1": "MANIBHARATHI",
                        "FIND": "Zafino International Pty Ltd - BAS Mar 2023"
                    },
                    {
                        "LAYER1": "MANIBHARATHI",
                        "FIND": "NSP consulting Pty Ltd Mar-2023"
                    },
                    {
                        "LAYER1": "MANIBHARATHI",
                        "FIND": "Fowler Family Trust - 2022"
                    },
                    {
                        "LAYER1": "MANIBHARATHI",
                        "FIND": "Elsworth Industries Pty Ltd - Mar 2023"
                    },
                    {
                        "LAYER1": "MANIBHARATHI",
                        "FIND": "Costabile Family Trust - March 2023 BAS"
                    },
                    {
                        "LAYER1": "MANIBHARATHI",
                        "FIND": "fdsgds"
                    },
                    {
                        "LAYER1": "MANIBHARATHI",
                        "FIND": "fdsgds"
                    },
                    {
                        "LAYER1": "MANIBHARATHI",
                        "FIND": "Admin"
                    },
                    {
                        "LAYER1": "MANIBHARATHI",
                        "FIND": "CDG Advisors Unit Trust - Mar 2023 BAS"
                    },
                    {
                        "LAYER1": "MANIBHARATHI",
                        "FIND": "DWGC Limited"
                    },
                    {
                        "LAYER1": "MANIBHARATHI",
                        "FIND": "Natalia Guselnikov - 2022"
                    },
                    {
                        "LAYER1": "MANIBHARATHI",
                        "FIND": "Alex Guselnikov - 2022"
                    },
                    {
                        "LAYER1": "MANIBHARATHI",
                        "FIND": "Sustainable Energy Partners Pty Ltd - Feb 2023 -IAS"
                    },
                    {
                        "LAYER1": "MANIBHARATHI",
                        "FIND": "CDG Finance Solutions Unit Trust - Mar BAS 2023"
                    },
                    {
                        "LAYER1": "MANIBHARATHI",
                        "FIND": "Peter Farrar- ITR-2022"
                    },
                    {
                        "LAYER1": "MANIBHARATHI",
                        "FIND": "Sustainable Energy Partners Pty Ltd - Mar 2023 -BAS"
                    },
                    {
                        "LAYER1": "MANIBHARATHI",
                        "FIND": "Albanese Pellegrino- ITR-2022"
                    },
                    {
                        "LAYER1": "MANIBHARATHI",
                        "FIND": "Nina Farrar"
                    },
                    {
                        "LAYER1": "MANIBHARATHI",
                        "FIND": "Mauron Family Trust - Mar2023 BAS"
                    },
                    {
                        "LAYER1": "MANIBHARATHI",
                        "FIND": "Riley Family Trust - 2022"
                    },
                    {
                        "LAYER1": "MANIBHARATHI",
                        "FIND": "DNB Electrical Pty Ltd - Mar 2023"
                    },
                    {
                        "LAYER1": "MANIBHARATHI",
                        "FIND": "KLM NO.1 Unit Trust - Mar 2023 BAS"
                    },
                    {
                        "LAYER1": "MANIBHARATHI",
                        "FIND": "JSA Plumbing - Mar 2023 BAS"
                    },
                    {
                        "LAYER1": "MANIBHARATHI",
                        "FIND": "Richard Feenaghty - 2022"
                    },
                    {
                        "LAYER1": "MANIBHARATHI",
                        "FIND": "YMK Consulting pty ltd - 2023 Mar BAS"
                    },
                    {
                        "LAYER1": "MANIBHARATHI",
                        "FIND": "Rc Consultancy Aust Trust - 2023 Mar BAS"
                    }
                ]
            },
            {
                "LAYERx2": [
                    {
                        "LAYER2": "FSP",
                        "FIND": "MANIBHARATHI"
                    },
                    {
                        "LAYER2": "FSP",
                        "FIND": "MANIBHARATHI"
                    },
                    {
                        "LAYER2": "FSP",
                        "FIND": "MANIBHARATHI"
                    },
                    {
                        "LAYER2": "FSP",
                        "FIND": "MANIBHARATHI"
                    },
                    {
                        "LAYER2": "FSP",
                        "FIND": "MANIBHARATHI"
                    },
                    {
                        "LAYER2": "FSP",
                        "FIND": "MANIBHARATHI"
                    },
                    {
                        "LAYER2": "ITR",
                        "FIND": "MANIBHARATHI"
                    },
                    {
                        "LAYER2": "ITR",
                        "FIND": "MANIBHARATHI"
                    },
                    {
                        "LAYER2": "Adhoc",
                        "FIND": "MANIBHARATHI"
                    },
                    {
                        "LAYER2": "Adhoc",
                        "FIND": "MANIBHARATHI"
                    },
                    {
                        "LAYER2": "Adhoc",
                        "FIND": "MANIBHARATHI"
                    },
                    {
                        "LAYER2": "Adhoc",
                        "FIND": "MANIBHARATHI"
                    }
                ]
            },
            {
                "LAYERx3": [
                    {
                        "LAYER3": "Planning Meeting",
                        "FIND": "FSP",
                        "FINDM": "MANIBHARATHI"
                    },
                    {
                        "LAYER3": "Stage 1 Process",
                        "FIND": "FSP",
                        "FINDM": "MANIBHARATHI"
                    },
                    {
                        "LAYER3": "Stage 1 Review",
                        "FIND": "FSP",
                        "FINDM": "MANIBHARATHI"
                    },
                    {
                        "LAYER3": "Stage 2 Process",
                        "FIND": "FSP",
                        "FINDM": "MANIBHARATHI"
                    },
                    {
                        "LAYER3": "Stage 2 Reivew",
                        "FIND": "FSP",
                        "FINDM": "MANIBHARATHI"
                    },
                    {
                        "LAYER3": "Fixing Client Review points",
                        "FIND": "FSP",
                        "FINDM": "MANIBHARATHI"
                    },
                    {
                        "LAYER3": "Processing ITR",
                        "FIND": "ITR",
                        "FINDM": "MANIBHARATHI"
                    },
                    {
                        "LAYER3": "Review ITR",
                        "FIND": "ITR",
                        "FINDM": "MANIBHARATHI"
                    },
                    {
                        "LAYER3": "Tax Planning",
                        "FIND": "Adhoc",
                        "FINDM": "MANIBHARATHI"
                    },
                    {
                        "LAYER3": "BAS",
                        "FIND": "Adhoc",
                        "FINDM": "MANIBHARATHI"
                    },
                    {
                        "LAYER3": "Prefill Project",
                        "FIND": "Adhoc",
                        "FINDM": "MANIBHARATHI"
                    },
                    {
                        "LAYER3": "Bookkeeping",
                        "FIND": "Adhoc",
                        "FINDM": "MANIBHARATHI"
                    }
                ]
            },
            {
                "LAYERx4": []
            },
            {
                "LAYERx5": []
            },
            {
                "LAYERx6": []
            },
            {
                "LAYERx7": []
            },
            {
                "LAYERx8": []
            }
        ]
    },
    {
        "SUTinfo": [
            {
                "Planning Meeting": "00:00:00"
            },
            {
                "Stage 1 Process": "00:00:00"
            },
            {
                "Stage 1 Review": "00:00:00"
            },
            {
                "Stage 2 Process": "00:00:00"
            },
            {
                "Stage 2 Reivew": "00:00:00"
            },
            {
                "Fixing Client Review points": "00:00:00"
            },
            {
                "Processing ITR": "00:00:00"
            },
            {
                "Review ITR": "00:00:00"
            },
            {
                "Tax Planning": "00:00:00"
            },
            {
                "BAS": "00:00:00"
            },
            {
                "Prefill Project": "00:00:00"
            },
            {
                "Bookkeeping": "00:00:00"
            }
        ]
    }
]