[
    {
        "configure": {
            "Team": "EASTERN BEACHES",
            "NOCol": "4"
        }
    },
    {
        "LAYER": [
            {
                "LAYERx1": [
                    {
                        "LAYER1": "MANIBHARATHI",
                        "FIND": "Test1"
                    },
                    {
                        "LAYER1": "MANIBHARATHI",
                        "FIND": "Test1"
                    },
                    {
                        "LAYER1": "MANIBHARATHI",
                        "FIND": "Test1"
                    },
                    {
                        "LAYER1": "MANIBHARATHI",
                        "FIND": "Test1"
                    },
                    {
                        "LAYER1": "MANIBHARATHI",
                        "FIND": "Test1"
                    },
                    {
                        "LAYER1": "MANIBHARATHI",
                        "FIND": "Test1"
                    },
                    {
                        "LAYER1": "MANIBHARATHI",
                        "FIND": "Test1"
                    },
                    {
                        "LAYER1": "MANIBHARATHI",
                        "FIND": "Test1"
                    },
                    {
                        "LAYER1": "MANIBHARATHI",
                        "FIND": "Test1"
                    },
                    {
                        "LAYER1": "MANIBHARATHI",
                        "FIND": "Admin"
                    },
                    {
                        "LAYER1": "MANIBHARATHI",
                        "FIND": "Detailed Consulting Engineers Pty Ltd"
                    },
                    {
                        "LAYER1": "MANIBHARATHI",
                        "FIND": "Viet Van To & Chun Chu Truong"
                    },
                    {
                        "LAYER1": "MANIBHARATHI",
                        "FIND": "JR Hunt Real Estate Pty Ltd"
                    },
                    {
                        "LAYER1": "MANIBHARATHI",
                        "FIND": "Frei Financial Services Pty Ltd"
                    },
                    {
                        "LAYER1": "MANIBHARATHI",
                        "FIND": "Lawrence Kids Family Trust"
                    },
                    {
                        "LAYER1": "MANIBHARATHI",
                        "FIND": "Energy Synapse Pty Ltd"
                    },
                    {
                        "LAYER1": "MANIBHARATHI",
                        "FIND": "Active Freight Solutions Pty Ltd"
                    },
                    {
                        "LAYER1": "MANIBHARATHI",
                        "FIND": "Orchard Group Special Purpose Financial Statement"
                    },
                    {
                        "LAYER1": "MANIBHARATHI",
                        "FIND": "Bonaccorso Family Trust"
                    },
                    {
                        "LAYER1": "MANIBHARATHI",
                        "FIND": "Be Digital Group Pty Ltd"
                    },
                    {
                        "LAYER1": "MANIBHARATHI",
                        "FIND": "Brite Spark Electrical Pty Ltd"
                    },
                    {
                        "LAYER1": "MANIBHARATHI",
                        "FIND": "Plateau Electrical Pty Ltd"
                    },
                    {
                        "LAYER1": "MANIBHARATHI",
                        "FIND": "Websters Industries Pty Ltd"
                    },
                    {
                        "LAYER1": "MANIBHARATHI",
                        "FIND": "Innovative Surface Repairs Pty Ltd"
                    },
                    {
                        "LAYER1": "MANIBHARATHI",
                        "FIND": "Websters Abalone Legacy Trust"
                    },
                    {
                        "LAYER1": "MANIBHARATHI",
                        "FIND": "SKEDA Pty Ltd"
                    },
                    {
                        "LAYER1": "MANIBHARATHI",
                        "FIND": "Central Coast Improved Disability Services Pty Ltd"
                    },
                    {
                        "LAYER1": "MANIBHARATHI",
                        "FIND": "PD Parker Enterprises Pty Ltd"
                    },
                    {
                        "LAYER1": "MANIBHARATHI",
                        "FIND": "Family Beans Trust"
                    },
                    {
                        "LAYER1": "MANIBHARATHI",
                        "FIND": "WOW Ventures"
                    },
                    {
                        "LAYER1": "MANIBHARATHI",
                        "FIND": "Devwiz (Launchpad D Pty Ltd)"
                    },
                    {
                        "LAYER1": "MANIBHARATHI",
                        "FIND": "Devwiz (Launchpad D Pty Ltd)"
                    },
                    {
                        "LAYER1": "MANIBHARATHI",
                        "FIND": "F For Freedom Pty Ltd"
                    },
                    {
                        "LAYER1": "MANIBHARATHI",
                        "FIND": "Little Gem Family trust "
                    },
                    {
                        "LAYER1": "MANIBHARATHI",
                        "FIND": "Orchard Group - FBT "
                    },
                    {
                        "LAYER1": "MANIBHARATHI",
                        "FIND": "Ayubowan Pty Ltd"
                    },
                    {
                        "LAYER1": "MANIBHARATHI",
                        "FIND": "Barbican Reports Pty LTd "
                    }
                ]
            },
            {
                "LAYERx2": [
                    {
                        "LAYER2": "FSP",
                        "FIND": "MANIBHARATHI"
                    },
                    {
                        "LAYER2": "FSP",
                        "FIND": "MANIBHARATHI"
                    },
                    {
                        "LAYER2": "FSP",
                        "FIND": "MANIBHARATHI"
                    },
                    {
                        "LAYER2": "FSP",
                        "FIND": "MANIBHARATHI"
                    },
                    {
                        "LAYER2": "FSP",
                        "FIND": "MANIBHARATHI"
                    },
                    {
                        "LAYER2": "FSP",
                        "FIND": "MANIBHARATHI"
                    },
                    {
                        "LAYER2": "ITR",
                        "FIND": "MANIBHARATHI"
                    },
                    {
                        "LAYER2": "ITR",
                        "FIND": "MANIBHARATHI"
                    },
                    {
                        "LAYER2": "Adhoc",
                        "FIND": "MANIBHARATHI"
                    }
                ]
            },
            {
                "LAYERx3": [
                    {
                        "LAYER3": "Planning Meeting",
                        "FIND": "FSP",
                        "FINDM": "MANIBHARATHI"
                    },
                    {
                        "LAYER3": "Stage 1 Process",
                        "FIND": "FSP",
                        "FINDM": "MANIBHARATHI"
                    },
                    {
                        "LAYER3": "Stage 1 Review",
                        "FIND": "FSP",
                        "FINDM": "MANIBHARATHI"
                    },
                    {
                        "LAYER3": "Stage 2 Process",
                        "FIND": "FSP",
                        "FINDM": "MANIBHARATHI"
                    },
                    {
                        "LAYER3": "Stage 2 Reivew",
                        "FIND": "FSP",
                        "FINDM": "MANIBHARATHI"
                    },
                    {
                        "LAYER3": "Fixing Client Review points",
                        "FIND": "FSP",
                        "FINDM": "MANIBHARATHI"
                    },
                    {
                        "LAYER3": "Processing ITR",
                        "FIND": "ITR",
                        "FINDM": "MANIBHARATHI"
                    },
                    {
                        "LAYER3": "Review ITR",
                        "FIND": "ITR",
                        "FINDM": "MANIBHARATHI"
                    },
                    {
                        "LAYER3": "Adhoc",
                        "FIND": "Adhoc",
                        "FINDM": "MANIBHARATHI"
                    }
                ]
            },
            {
                "LAYERx4": []
            },
            {
                "LAYERx5": []
            },
            {
                "LAYERx6": []
            },
            {
                "LAYERx7": []
            },
            {
                "LAYERx8": []
            }
        ]
    },
    {
        "SUTinfo": [
            {
                "Planning Meeting": "00:00:00"
            },
            {
                "Stage 1 Process": "00:00:00"
            },
            {
                "Stage 1 Review": "00:00:00"
            },
            {
                "Stage 2 Process": "00:00:00"
            },
            {
                "Stage 2 Reivew": "00:00:00"
            },
            {
                "Fixing Client Review points": "00:00:00"
            },
            {
                "Processing ITR": "00:00:00"
            },
            {
                "Review ITR": "00:00:00"
            },
            {
                "Adhoc": "00:00:00"
            }
        ]
    }
]