[
    {
        "configure": {
            "Team": "KDA",
            "NOCol": "4"
        }
    },
    {
        "LAYER": [
            {
                "LAYERx1": [
                    {
                        "LAYER1": "MANIBHARATHI",
                        "FIND": "Test1"
                    },
                    {
                        "LAYER1": "MANIBHARATHI",
                        "FIND": "Test1"
                    },
                    {
                        "LAYER1": "MANIBHARATHI",
                        "FIND": "Test1"
                    },
                    {
                        "LAYER1": "MANIBHARATHI",
                        "FIND": "Test1"
                    },
                    {
                        "LAYER1": "MANIBHARATHI",
                        "FIND": "Test1"
                    },
                    {
                        "LAYER1": "MANIBHARATHI",
                        "FIND": "Test1"
                    },
                    {
                        "LAYER1": "MANIBHARATHI",
                        "FIND": "Test1"
                    },
                    {
                        "LAYER1": "MANIBHARATHI",
                        "FIND": "Test1"
                    },
                    {
                        "LAYER1": "MANIBHARATHI",
                        "FIND": "Test1"
                    },
                    {
                        "LAYER1": "MANIBHARATHI",
                        "FIND": "Test1"
                    },
                    {
                        "LAYER1": "MANIBHARATHI",
                        "FIND": "Test1"
                    },
                    {
                        "LAYER1": "MANIBHARATHI",
                        "FIND": "quinsey gitter"
                    },
                    {
                        "LAYER1": "MANIBHARATHI",
                        "FIND": "Breum Engsta - 2022"
                    },
                    {
                        "LAYER1": "MANIBHARATHI",
                        "FIND": "CVS Group Trust"
                    },
                    {
                        "LAYER1": "MANIBHARATHI",
                        "FIND": "Woolston Printing"
                    },
                    {
                        "LAYER1": "MANIBHARATHI",
                        "FIND": "DuroTank 2022"
                    },
                    {
                        "LAYER1": "MANIBHARATHI",
                        "FIND": "Gillies Tax Return 2022"
                    },
                    {
                        "LAYER1": "MANIBHARATHI",
                        "FIND": "Dunlop Justin & Marcia 2022"
                    },
                    {
                        "LAYER1": "MANIBHARATHI",
                        "FIND": "Whatman, Fernleign Daries - 2022"
                    },
                    {
                        "LAYER1": "MANIBHARATHI",
                        "FIND": "Quinsey, Handiy"
                    },
                    {
                        "LAYER1": "MANIBHARATHI",
                        "FIND": "Justin & Marcia ITR 2022"
                    },
                    {
                        "LAYER1": "MANIBHARATHI",
                        "FIND": "CP Collins Family Trust"
                    },
                    {
                        "LAYER1": "MANIBHARATHI",
                        "FIND": "Leitch Aletek 2022"
                    },
                    {
                        "LAYER1": "MANIBHARATHI",
                        "FIND": "Woolston Agline ITR - 2022"
                    },
                    {
                        "LAYER1": "MANIBHARATHI",
                        "FIND": "Wallace, Frame-Tek Group - July-Dec'22"
                    },
                    {
                        "LAYER1": "MANIBHARATHI",
                        "FIND": "Holulu & Whitehurst"
                    },
                    {
                        "LAYER1": "MANIBHARATHI",
                        "FIND": "Donnelly Pastoral"
                    },
                    {
                        "LAYER1": "MANIBHARATHI",
                        "FIND": "Grosse,Skanos Pty Ltd"
                    },
                    {
                        "LAYER1": "MANIBHARATHI",
                        "FIND": "Central West Installations 2022"
                    },
                    {
                        "LAYER1": "MANIBHARATHI",
                        "FIND": "Hurley Family"
                    },
                    {
                        "LAYER1": "MANIBHARATHI",
                        "FIND": "vollabregt Family Trust"
                    },
                    {
                        "LAYER1": "MANIBHARATHI",
                        "FIND": "MA Mitchell & R E Mitchell"
                    },
                    {
                        "LAYER1": "MANIBHARATHI",
                        "FIND": "Beattie Group"
                    },
                    {
                        "LAYER1": "MANIBHARATHI",
                        "FIND": "Zamofast, Mooney 2022"
                    },
                    {
                        "LAYER1": "MANIBHARATHI",
                        "FIND": "RJ & KA loftus"
                    },
                    {
                        "LAYER1": "MANIBHARATHI",
                        "FIND": "GL & KA Crook"
                    },
                    {
                        "LAYER1": "MANIBHARATHI",
                        "FIND": "ABC"
                    },
                    {
                        "LAYER1": "MANIBHARATHI",
                        "FIND": "sartor"
                    },
                    {
                        "LAYER1": "MANIBHARATHI",
                        "FIND": "sartor"
                    },
                    {
                        "LAYER1": "MANIBHARATHI",
                        "FIND": "Elite Shearing Pty Ltd - 2018"
                    },
                    {
                        "LAYER1": "MANIBHARATHI",
                        "FIND": "Jermalong Shearing Pty Ltd - 2018"
                    },
                    {
                        "LAYER1": "MANIBHARATHI",
                        "FIND": "\tAG & KC Burley"
                    },
                    {
                        "LAYER1": "MANIBHARATHI",
                        "FIND": "W C O'bryan Transport"
                    },
                    {
                        "LAYER1": "MANIBHARATHI",
                        "FIND": "Duro Group - Half Yearly Update"
                    },
                    {
                        "LAYER1": "MANIBHARATHI",
                        "FIND": "Stockpro - Half Yearly"
                    },
                    {
                        "LAYER1": "MANIBHARATHI",
                        "FIND": "Jackson Apollo - Half Yearly Dec2022"
                    },
                    {
                        "LAYER1": "MANIBHARATHI",
                        "FIND": "Donovan BA & CA"
                    },
                    {
                        "LAYER1": "MANIBHARATHI",
                        "FIND": "Donovan BA & CE"
                    },
                    {
                        "LAYER1": "MANIBHARATHI",
                        "FIND": "Woolston Agline - Dec 2022 "
                    },
                    {
                        "LAYER1": "MANIBHARATHI",
                        "FIND": "Moduplay Dec 2022"
                    },
                    {
                        "LAYER1": "MANIBHARATHI",
                        "FIND": " Agline December 2022"
                    },
                    {
                        "LAYER1": "MANIBHARATHI",
                        "FIND": "Tebco Unit Trust"
                    },
                    {
                        "LAYER1": "MANIBHARATHI",
                        "FIND": "Tolpark Trust - Dec 2022"
                    },
                    {
                        "LAYER1": "MANIBHARATHI",
                        "FIND": "Elite Shearing Pty Ltd - 2019"
                    },
                    {
                        "LAYER1": "MANIBHARATHI",
                        "FIND": "Morton 2022"
                    },
                    {
                        "LAYER1": "MANIBHARATHI",
                        "FIND": "AG & KC Burley"
                    },
                    {
                        "LAYER1": "MANIBHARATHI",
                        "FIND": "Tangye, Maverick Livestock Trust"
                    },
                    {
                        "LAYER1": "MANIBHARATHI",
                        "FIND": "Tangye, Maverick Livestock Trust"
                    },
                    {
                        "LAYER1": "MANIBHARATHI",
                        "FIND": "Bordignon Family Trust"
                    },
                    {
                        "LAYER1": "MANIBHARATHI",
                        "FIND": "Boomi Pastoral Co (Cowden Partnership)"
                    },
                    {
                        "LAYER1": "MANIBHARATHI",
                        "FIND": "Argyle Commercial - Xero conversion"
                    },
                    {
                        "LAYER1": "MANIBHARATHI",
                        "FIND": "Moduplay - 2022 Group Tax returns"
                    },
                    {
                        "LAYER1": "MANIBHARATHI",
                        "FIND": "EarthQuip Sales Pty Ltd"
                    },
                    {
                        "LAYER1": "MANIBHARATHI",
                        "FIND": "Kyab Pty Ltd"
                    },
                    {
                        "LAYER1": "MANIBHARATHI",
                        "FIND": "Edward Norton"
                    },
                    {
                        "LAYER1": "MANIBHARATHI",
                        "FIND": "Shaun Williams"
                    },
                    {
                        "LAYER1": "MANIBHARATHI",
                        "FIND": "Dudley Norton 2022"
                    },
                    {
                        "LAYER1": "MANIBHARATHI",
                        "FIND": "A & R Ohlmeyer Family Trust"
                    },
                    {
                        "LAYER1": "MANIBHARATHI",
                        "FIND": " Dietrich Accountants Pty Ltd Dec 2022"
                    },
                    {
                        "LAYER1": "MANIBHARATHI",
                        "FIND": "John Lawson & Gildaze Pty Ltd"
                    },
                    {
                        "LAYER1": "MANIBHARATHI",
                        "FIND": "Jumbuck Partnership"
                    },
                    {
                        "LAYER1": "MANIBHARATHI",
                        "FIND": "Bob Calton Family Trust"
                    },
                    {
                        "LAYER1": "MANIBHARATHI",
                        "FIND": "John Cobb"
                    },
                    {
                        "LAYER1": "MANIBHARATHI",
                        "FIND": "Cunningham, Sturdybilt Agencies Discretionary Trust - 2022"
                    },
                    {
                        "LAYER1": "MANIBHARATHI",
                        "FIND": "Benjamin Tangye"
                    },
                    {
                        "LAYER1": "MANIBHARATHI",
                        "FIND": "Kevin Tangye - 2022"
                    },
                    {
                        "LAYER1": "MANIBHARATHI",
                        "FIND": "KJ & HR Tahmoor Earth Boring"
                    },
                    {
                        "LAYER1": "MANIBHARATHI",
                        "FIND": "Stockpro Pty Ltd-Xero Coversionn"
                    },
                    {
                        "LAYER1": "MANIBHARATHI",
                        "FIND": "DC & DR Dietrich- Xero Conversion"
                    },
                    {
                        "LAYER1": "MANIBHARATHI",
                        "FIND": "Durotank Group Pty Ltd - XERO Conversion"
                    },
                    {
                        "LAYER1": "MANIBHARATHI",
                        "FIND": "Bordignon, Linda"
                    },
                    {
                        "LAYER1": "MANIBHARATHI",
                        "FIND": "philips,GC & MM"
                    },
                    {
                        "LAYER1": "MANIBHARATHI",
                        "FIND": "RM & MJ Forsyth 2020"
                    },
                    {
                        "LAYER1": "MANIBHARATHI",
                        "FIND": "Collins, CP Collins Family Trust- (March 2023)"
                    },
                    {
                        "LAYER1": "MANIBHARATHI",
                        "FIND": " Dietrich Accountants Pty Ltd Conversion"
                    },
                    {
                        "LAYER1": "MANIBHARATHI",
                        "FIND": "Jackson Apollo March Quarter"
                    },
                    {
                        "LAYER1": "MANIBHARATHI",
                        "FIND": "Jackson Apollo March Quarter"
                    },
                    {
                        "LAYER1": "MANIBHARATHI",
                        "FIND": "DR & BJ"
                    },
                    {
                        "LAYER1": "MANIBHARATHI",
                        "FIND": "J&R Patton"
                    },
                    {
                        "LAYER1": "MANIBHARATHI",
                        "FIND": "R M & M J Forsyth 2022"
                    },
                    {
                        "LAYER1": "MANIBHARATHI",
                        "FIND": "Skanos Pty Ltd March 2023"
                    },
                    {
                        "LAYER1": "MANIBHARATHI",
                        "FIND": "Williams Contract Farming Trust 2022"
                    }
                ]
            },
            {
                "LAYERx2": [
                    {
                        "LAYER2": "FSP",
                        "FIND": "MANIBHARATHI"
                    },
                    {
                        "LAYER2": "FSP",
                        "FIND": "MANIBHARATHI"
                    },
                    {
                        "LAYER2": "FSP",
                        "FIND": "MANIBHARATHI"
                    },
                    {
                        "LAYER2": "FSP",
                        "FIND": "MANIBHARATHI"
                    },
                    {
                        "LAYER2": "FSP",
                        "FIND": "MANIBHARATHI"
                    },
                    {
                        "LAYER2": "FSP",
                        "FIND": "MANIBHARATHI"
                    },
                    {
                        "LAYER2": "ITR",
                        "FIND": "MANIBHARATHI"
                    },
                    {
                        "LAYER2": "ITR",
                        "FIND": "MANIBHARATHI"
                    },
                    {
                        "LAYER2": "Adhoc",
                        "FIND": "MANIBHARATHI"
                    },
                    {
                        "LAYER2": "Adhoc",
                        "FIND": "MANIBHARATHI"
                    },
                    {
                        "LAYER2": "Adhoc",
                        "FIND": "MANIBHARATHI"
                    }
                ]
            },
            {
                "LAYERx3": [
                    {
                        "LAYER3": "Planning Meeting",
                        "FIND": "FSP",
                        "FINDM": "MANIBHARATHI"
                    },
                    {
                        "LAYER3": "Stage 1 Process",
                        "FIND": "FSP",
                        "FINDM": "MANIBHARATHI"
                    },
                    {
                        "LAYER3": "Stage 1 Review",
                        "FIND": "FSP",
                        "FINDM": "MANIBHARATHI"
                    },
                    {
                        "LAYER3": "Stage 2 Process",
                        "FIND": "FSP",
                        "FINDM": "MANIBHARATHI"
                    },
                    {
                        "LAYER3": "Stage 2 Reivew",
                        "FIND": "FSP",
                        "FINDM": "MANIBHARATHI"
                    },
                    {
                        "LAYER3": "Fixing Client Review points",
                        "FIND": "FSP",
                        "FINDM": "MANIBHARATHI"
                    },
                    {
                        "LAYER3": "Processing ITR",
                        "FIND": "ITR",
                        "FINDM": "MANIBHARATHI"
                    },
                    {
                        "LAYER3": "Review ITR",
                        "FIND": "ITR",
                        "FINDM": "MANIBHARATHI"
                    },
                    {
                        "LAYER3": "Conversion",
                        "FIND": "Adhoc",
                        "FINDM": "MANIBHARATHI"
                    },
                    {
                        "LAYER3": "Adhoc",
                        "FIND": "Adhoc",
                        "FINDM": "MANIBHARATHI"
                    },
                    {
                        "LAYER3": "Tax Planning",
                        "FIND": "Adhoc",
                        "FINDM": "MANIBHARATHI"
                    }
                ]
            },
            {
                "LAYERx4": []
            },
            {
                "LAYERx5": []
            },
            {
                "LAYERx6": []
            },
            {
                "LAYERx7": []
            },
            {
                "LAYERx8": []
            }
        ]
    },
    {
        "SUTinfo": [
            {
                "Planning Meeting": "00:00:00"
            },
            {
                "Stage 1 Process": "00:00:00"
            },
            {
                "Stage 1 Review": "00:00:00"
            },
            {
                "Stage 2 Process": "00:00:00"
            },
            {
                "Stage 2 Reivew": "00:00:00"
            },
            {
                "Fixing Client Review points": "00:00:00"
            },
            {
                "Processing ITR": "00:00:00"
            },
            {
                "Review ITR": "00:00:00"
            },
            {
                "Conversion": "00:00:00"
            },
            {
                "Adhoc": "00:00:00"
            },
            {
                "Tax Planning": "00:00:00"
            }
        ]
    }
]