[
    {
        "configure": {
            "Team": "MAZARS",
            "NOCol": "4"
        }
    },
    {
        "LAYER": [
            {
                "LAYERx1": [
                    {
                        "LAYER1": "MANIBHARATHI",
                        "FIND": "Test1"
                    },
                    {
                        "LAYER1": "MANIBHARATHI",
                        "FIND": "Test1"
                    },
                    {
                        "LAYER1": "MANIBHARATHI",
                        "FIND": "Test1"
                    },
                    {
                        "LAYER1": "MANIBHARATHI",
                        "FIND": "Test1"
                    },
                    {
                        "LAYER1": "MANIBHARATHI",
                        "FIND": "Test1"
                    },
                    {
                        "LAYER1": "MANIBHARATHI",
                        "FIND": "Test1"
                    },
                    {
                        "LAYER1": "MANIBHARATHI",
                        "FIND": "Test1"
                    },
                    {
                        "LAYER1": "MANIBHARATHI",
                        "FIND": "Test1"
                    },
                    {
                        "LAYER1": "MANIBHARATHI",
                        "FIND": "Test1"
                    },
                    {
                        "LAYER1": "MANIBHARATHI",
                        "FIND": "Test1"
                    },
                    {
                        "LAYER1": "MANIBHARATHI",
                        "FIND": "Test1"
                    },
                    {
                        "LAYER1": "MANIBHARATHI",
                        "FIND": "Test1"
                    },
                    {
                        "LAYER1": "MANIBHARATHI",
                        "FIND": "Test1"
                    },
                    {
                        "LAYER1": "MANIBHARATHI",
                        "FIND": "Admin"
                    },
                    {
                        "LAYER1": "MANIBHARATHI",
                        "FIND": "Madewell-YEC-2022"
                    },
                    {
                        "LAYER1": "MANIBHARATHI",
                        "FIND": "Dale Mee Family Trust"
                    },
                    {
                        "LAYER1": "MANIBHARATHI",
                        "FIND": "Skytec Plastics Pty Ltd"
                    },
                    {
                        "LAYER1": "MANIBHARATHI",
                        "FIND": "Cobakh Unit Trust"
                    },
                    {
                        "LAYER1": "MANIBHARATHI",
                        "FIND": "Hospitality Concepts Trust-YEC-2022"
                    },
                    {
                        "LAYER1": "MANIBHARATHI",
                        "FIND": "Philippe Mouchel-YEC-2022"
                    },
                    {
                        "LAYER1": "MANIBHARATHI",
                        "FIND": "CDM Corp Pty Ltd-YEC-2022"
                    },
                    {
                        "LAYER1": "MANIBHARATHI",
                        "FIND": "Craig Mee Family group"
                    },
                    {
                        "LAYER1": "MANIBHARATHI",
                        "FIND": "Trevor Ray Family Trust"
                    },
                    {
                        "LAYER1": "MANIBHARATHI",
                        "FIND": "Dura Wear Industries Pty Ltd - YEC - 2022"
                    },
                    {
                        "LAYER1": "MANIBHARATHI",
                        "FIND": "RXR Solutions Pty Ltd -YEC-2022 "
                    },
                    {
                        "LAYER1": "MANIBHARATHI",
                        "FIND": "RTL Investments Pty Ltd -YEC-2022"
                    },
                    {
                        "LAYER1": "MANIBHARATHI",
                        "FIND": "Windsor Commercial Pty Ltd - YEC -2022"
                    },
                    {
                        "LAYER1": "MANIBHARATHI",
                        "FIND": "Rafor Split Trust - YEC - 2022"
                    },
                    {
                        "LAYER1": "MANIBHARATHI",
                        "FIND": "Kim Mee - YEC-2022"
                    },
                    {
                        "LAYER1": "MANIBHARATHI",
                        "FIND": "Len Bell Pty Ltd - YEC - 2022"
                    },
                    {
                        "LAYER1": "MANIBHARATHI",
                        "FIND": "Barada Properties Pty Ltd - YEC - 2022"
                    },
                    {
                        "LAYER1": "MANIBHARATHI",
                        "FIND": "EPC - YEC-2022"
                    },
                    {
                        "LAYER1": "MANIBHARATHI",
                        "FIND": "1161 Main Road Unit Trust - YEC - 2022"
                    },
                    {
                        "LAYER1": "MANIBHARATHI",
                        "FIND": "Boyd Electrical Trust - YEC - 2022"
                    },
                    {
                        "LAYER1": "MANIBHARATHI",
                        "FIND": "A & C Boyd Pty Ltd - YEC - 22022"
                    },
                    {
                        "LAYER1": "MANIBHARATHI",
                        "FIND": "A & C Boyd Pty Ltd - YEC - 2022"
                    },
                    {
                        "LAYER1": "MANIBHARATHI",
                        "FIND": "Aidan Boyd - YEC - 2022"
                    },
                    {
                        "LAYER1": "MANIBHARATHI",
                        "FIND": "A & C Boyd Family Trust - YEC - 2022"
                    },
                    {
                        "LAYER1": "MANIBHARATHI",
                        "FIND": "Cate Boyd - YEC - 2022"
                    },
                    {
                        "LAYER1": "MANIBHARATHI",
                        "FIND": "Marmann Trust"
                    },
                    {
                        "LAYER1": "MANIBHARATHI",
                        "FIND": "The Mulcahy Investments pty Ltd - YEC-2022"
                    },
                    {
                        "LAYER1": "MANIBHARATHI",
                        "FIND": "The Blackbird Trust - YEC - 2022"
                    },
                    {
                        "LAYER1": "MANIBHARATHI",
                        "FIND": "Mulcahy Family Trust -YEC_2022"
                    },
                    {
                        "LAYER1": "MANIBHARATHI",
                        "FIND": "Monkey Business Production Vic Pty Ltd - YEC - 2022"
                    },
                    {
                        "LAYER1": "MANIBHARATHI",
                        "FIND": "Meere,Runicman - YEC - 2022"
                    },
                    {
                        "LAYER1": "MANIBHARATHI",
                        "FIND": "The Ten Roses Trust"
                    },
                    {
                        "LAYER1": "MANIBHARATHI",
                        "FIND": "Nicole Kylie Banks Memorial Trust - YEC 2022"
                    },
                    {
                        "LAYER1": "MANIBHARATHI",
                        "FIND": "Build 18 Business Trust - YEC - 2022"
                    },
                    {
                        "LAYER1": "MANIBHARATHI",
                        "FIND": "Nicole Kylie Banks Memorial Trust-YEC-2022"
                    },
                    {
                        "LAYER1": "MANIBHARATHI",
                        "FIND": "Antipodean assets ventures Pty ltd-YEC-2022"
                    },
                    {
                        "LAYER1": "MANIBHARATHI",
                        "FIND": "The Ten Roses Trust - YEC-2022"
                    },
                    {
                        "LAYER1": "MANIBHARATHI",
                        "FIND": "Three Hearts Media Organisation-YEC-2022"
                    },
                    {
                        "LAYER1": "MANIBHARATHI",
                        "FIND": "KC Consulting Project Development Pty Ltd - YEC - 2022"
                    },
                    {
                        "LAYER1": "MANIBHARATHI",
                        "FIND": "Kevork Chouzadjian- YEC - 2022"
                    },
                    {
                        "LAYER1": "MANIBHARATHI",
                        "FIND": "Grech Heating & Cooling Systems Pty Ltd-BAS--Dec2022"
                    },
                    {
                        "LAYER1": "MANIBHARATHI",
                        "FIND": "Kerry Chouzadjian - YEC - 2022"
                    },
                    {
                        "LAYER1": "MANIBHARATHI",
                        "FIND": "Arkhurst Trust - YEC - 2022"
                    },
                    {
                        "LAYER1": "MANIBHARATHI",
                        "FIND": "David Daniel Banks-YEC-2022"
                    },
                    {
                        "LAYER1": "MANIBHARATHI",
                        "FIND": "630 Waterdale Road Heidelberg Trust-BAS-2022"
                    },
                    {
                        "LAYER1": "MANIBHARATHI",
                        "FIND": "Barbara Jones - YEC - 2022"
                    },
                    {
                        "LAYER1": "MANIBHARATHI",
                        "FIND": "Anthony Ray"
                    },
                    {
                        "LAYER1": "MANIBHARATHI",
                        "FIND": "Langford Trust-YEC-2022"
                    },
                    {
                        "LAYER1": "MANIBHARATHI",
                        "FIND": "Niagara Galleries Pty Ltd - YEC -2022"
                    },
                    {
                        "LAYER1": "MANIBHARATHI",
                        "FIND": "Barbara Chalmers"
                    },
                    {
                        "LAYER1": "MANIBHARATHI",
                        "FIND": "Marie Butler Podiatry Services Pty Ltd - YEC - 2022"
                    },
                    {
                        "LAYER1": "MANIBHARATHI",
                        "FIND": "SJ & WJH McPherson (Bunjil Pastoral)"
                    },
                    {
                        "LAYER1": "MANIBHARATHI",
                        "FIND": "Bali Hai Trust - YEC - 2022"
                    },
                    {
                        "LAYER1": "MANIBHARATHI",
                        "FIND": "Berringa Road Property Trust-YEC-2022"
                    },
                    {
                        "LAYER1": "MANIBHARATHI",
                        "FIND": "Hernando's Enterprises Pty Ltd YEC - 2022"
                    },
                    {
                        "LAYER1": "MANIBHARATHI",
                        "FIND": "James Hemmings-YEC-2022"
                    },
                    {
                        "LAYER1": "MANIBHARATHI",
                        "FIND": "SJ & WJH McPherson (Bunjil Pastoral)-YEC-2022"
                    },
                    {
                        "LAYER1": "MANIBHARATHI",
                        "FIND": "Jessica Hemmings - YEC - 2022"
                    },
                    {
                        "LAYER1": "MANIBHARATHI",
                        "FIND": "James, Hemmings"
                    },
                    {
                        "LAYER1": "MANIBHARATHI",
                        "FIND": "Kihara Landscape Pty ltd"
                    },
                    {
                        "LAYER1": "MANIBHARATHI",
                        "FIND": "Cut & Core - Journal Entries"
                    },
                    {
                        "LAYER1": "MANIBHARATHI",
                        "FIND": "The Purcell Investment Trust - YEC - 2022"
                    },
                    {
                        "LAYER1": "MANIBHARATHI",
                        "FIND": "Hi Investment Pty Ltd - YEC - 2022"
                    },
                    {
                        "LAYER1": "MANIBHARATHI",
                        "FIND": "The Ashby Family Trust-YEC2022"
                    },
                    {
                        "LAYER1": "MANIBHARATHI",
                        "FIND": "Forster Family Trust - YEC  - 2022"
                    },
                    {
                        "LAYER1": "MANIBHARATHI",
                        "FIND": "Forster Family Trust - YEC  - 2022"
                    },
                    {
                        "LAYER1": "MANIBHARATHI",
                        "FIND": "Scott Ashby-YEC2022"
                    },
                    {
                        "LAYER1": "MANIBHARATHI",
                        "FIND": "Purcell Family Trust - YEC - 2022"
                    },
                    {
                        "LAYER1": "MANIBHARATHI",
                        "FIND": "Geoff, Purcell - YEC - 2022"
                    },
                    {
                        "LAYER1": "MANIBHARATHI",
                        "FIND": "Sarah, Cowley - YEC - 2022"
                    },
                    {
                        "LAYER1": "MANIBHARATHI",
                        "FIND": "Penny Ashby-YEC-2022"
                    },
                    {
                        "LAYER1": "MANIBHARATHI",
                        "FIND": "Deborah, Purcell - YEC - 2022"
                    },
                    {
                        "LAYER1": "MANIBHARATHI",
                        "FIND": "Maija, Purcell - YEC - 2022"
                    },
                    {
                        "LAYER1": "MANIBHARATHI",
                        "FIND": "Jonathan Ashby-YEC-2022"
                    },
                    {
                        "LAYER1": "MANIBHARATHI",
                        "FIND": "Annette, Reeves - YEC - 2022"
                    },
                    {
                        "LAYER1": "MANIBHARATHI",
                        "FIND": "Williams, Nuttall - YEC - 2022"
                    },
                    {
                        "LAYER1": "MANIBHARATHI",
                        "FIND": "Daisy Pty Ltd - YEC - 2022"
                    },
                    {
                        "LAYER1": "MANIBHARATHI",
                        "FIND": "Daisy Asset Trust - YEC - 2022"
                    },
                    {
                        "LAYER1": "MANIBHARATHI",
                        "FIND": "Floor 91 Operations Trust"
                    },
                    {
                        "LAYER1": "MANIBHARATHI",
                        "FIND": "AFG Wines Pty Ltd - YEC - 2022"
                    },
                    {
                        "LAYER1": "MANIBHARATHI",
                        "FIND": "Activetics Unit Trust-YEC2022"
                    },
                    {
                        "LAYER1": "MANIBHARATHI",
                        "FIND": "Cuppe Pty Ltd - YEC - 2022"
                    },
                    {
                        "LAYER1": "MANIBHARATHI",
                        "FIND": "Oakley Family Trust - YEC - 2022"
                    },
                    {
                        "LAYER1": "MANIBHARATHI",
                        "FIND": "The Harianto Family Trust - YEC - 2022"
                    },
                    {
                        "LAYER1": "MANIBHARATHI",
                        "FIND": "Pangaea Business Trust YEC 2022"
                    },
                    {
                        "LAYER1": "MANIBHARATHI",
                        "FIND": "Looker Family trust - YEC - 2022"
                    },
                    {
                        "LAYER1": "MANIBHARATHI",
                        "FIND": "Dorrington Family Trust-YEC-2022"
                    },
                    {
                        "LAYER1": "MANIBHARATHI",
                        "FIND": "Harianto,Harry - YEC - 2022"
                    },
                    {
                        "LAYER1": "MANIBHARATHI",
                        "FIND": "Dorrington, John - YEC-2022"
                    },
                    {
                        "LAYER1": "MANIBHARATHI",
                        "FIND": "Ausmeter Pty Ltd-YEC-2022"
                    },
                    {
                        "LAYER1": "MANIBHARATHI",
                        "FIND": "Idatanet Pty Ltd-YEC-2022"
                    },
                    {
                        "LAYER1": "MANIBHARATHI",
                        "FIND": "Somerset Trust - YEC - 2022"
                    },
                    {
                        "LAYER1": "MANIBHARATHI",
                        "FIND": "Elite Perimiter Pty Ltd-YEC-2022"
                    },
                    {
                        "LAYER1": "MANIBHARATHI",
                        "FIND": "Red Hill Truffles Pty Ltd - YEC - 2022"
                    },
                    {
                        "LAYER1": "MANIBHARATHI",
                        "FIND": "Yal Yal Pty Ltd-YEC-2021"
                    },
                    {
                        "LAYER1": "MANIBHARATHI",
                        "FIND": "Merristock Pty Ltd-YEC-2022"
                    },
                    {
                        "LAYER1": "MANIBHARATHI",
                        "FIND": "Ellenor Argyropoulos-YEC-2022 "
                    },
                    {
                        "LAYER1": "MANIBHARATHI",
                        "FIND": "Dionne Argyropoulos-YEC-2022"
                    },
                    {
                        "LAYER1": "MANIBHARATHI",
                        "FIND": "Caddy, Ronald - YEC - 2022"
                    },
                    {
                        "LAYER1": "MANIBHARATHI",
                        "FIND": "Lamcal Builders Supplies Pty Ltd-YEC-2022"
                    },
                    {
                        "LAYER1": "MANIBHARATHI",
                        "FIND": "The Argyropoulos Family Trust"
                    },
                    {
                        "LAYER1": "MANIBHARATHI",
                        "FIND": "Catherine Looker - YEC - 2022"
                    },
                    {
                        "LAYER1": "MANIBHARATHI",
                        "FIND": "Catherine Looker - YEC - 2022"
                    },
                    {
                        "LAYER1": "MANIBHARATHI",
                        "FIND": "Catherine Looker - YEC - 2022"
                    },
                    {
                        "LAYER1": "MANIBHARATHI",
                        "FIND": "Catherine Looker - YEC - 2022"
                    },
                    {
                        "LAYER1": "MANIBHARATHI",
                        "FIND": "Catherine Looker - YEC - 2022"
                    },
                    {
                        "LAYER1": "MANIBHARATHI",
                        "FIND": "Catherine Looker - YEC - 2022"
                    },
                    {
                        "LAYER1": "MANIBHARATHI",
                        "FIND": "Catherine Looker - YEC - 2022"
                    },
                    {
                        "LAYER1": "MANIBHARATHI",
                        "FIND": "Catherine Looker - YEC - 2022"
                    },
                    {
                        "LAYER1": "MANIBHARATHI",
                        "FIND": "RC Caddy Family Trust-YEC-2022"
                    },
                    {
                        "LAYER1": "MANIBHARATHI",
                        "FIND": "Exceptional Care Pty Ltd-YEC-2022"
                    },
                    {
                        "LAYER1": "MANIBHARATHI",
                        "FIND": "Nevarog Pty Ltd-YEC-2022"
                    },
                    {
                        "LAYER1": "MANIBHARATHI",
                        "FIND": "Stephen Argyropoulos"
                    },
                    {
                        "LAYER1": "MANIBHARATHI",
                        "FIND": "Stephen Argyropoulos"
                    },
                    {
                        "LAYER1": "MANIBHARATHI",
                        "FIND": "Oceanwall Discretionary Trust-YEC-2022"
                    },
                    {
                        "LAYER1": "MANIBHARATHI",
                        "FIND": "D & C Cutri Partnership-YEC-2022"
                    },
                    {
                        "LAYER1": "MANIBHARATHI",
                        "FIND": "Talgarn Pty Ltd"
                    },
                    {
                        "LAYER1": "MANIBHARATHI",
                        "FIND": "Olsten Temporary Services Pty Ltd - 2022 - YEC"
                    },
                    {
                        "LAYER1": "MANIBHARATHI",
                        "FIND": "Wisden Discretionary Trust -YEC- 2022"
                    },
                    {
                        "LAYER1": "MANIBHARATHI",
                        "FIND": "The Trustee for Jones Family Trust"
                    },
                    {
                        "LAYER1": "MANIBHARATHI",
                        "FIND": "Veith Investment Trust- YEC - 2022"
                    },
                    {
                        "LAYER1": "MANIBHARATHI",
                        "FIND": "Cheryl Veith"
                    },
                    {
                        "LAYER1": "MANIBHARATHI",
                        "FIND": "hillsHillviews Conveyancing Family Trust - Mar 2023 BAS"
                    },
                    {
                        "LAYER1": "MANIBHARATHI",
                        "FIND": "AAS &E Unit Trust - Mar 2023"
                    },
                    {
                        "LAYER1": "MANIBHARATHI",
                        "FIND": "Di Domenico Property Trust - Mar 2023 BAS "
                    },
                    {
                        "LAYER1": "MANIBHARATHI",
                        "FIND": "Clover View Unit Trust - Mar 2023 BAS"
                    },
                    {
                        "LAYER1": "MANIBHARATHI",
                        "FIND": "Alexander Ashby"
                    },
                    {
                        "LAYER1": "MANIBHARATHI",
                        "FIND": "Alexander Ashby - 2021"
                    },
                    {
                        "LAYER1": "MANIBHARATHI",
                        "FIND": "Laurel, Bishop - YEC - 2022"
                    },
                    {
                        "LAYER1": "MANIBHARATHI",
                        "FIND": "Wayne Bishop"
                    },
                    {
                        "LAYER1": "MANIBHARATHI",
                        "FIND": "D & J Di Domenico Family Trust - Mar 2023 BAS"
                    },
                    {
                        "LAYER1": "MANIBHARATHI",
                        "FIND": "Peter & Dejan Derbogosian 2021"
                    },
                    {
                        "LAYER1": "MANIBHARATHI",
                        "FIND": "Maija, Purcell - YEC - 2022"
                    },
                    {
                        "LAYER1": "MANIBHARATHI",
                        "FIND": "Tristan Forster Family Group"
                    },
                    {
                        "LAYER1": "MANIBHARATHI",
                        "FIND": "Samuel Veith Carter"
                    },
                    {
                        "LAYER1": "MANIBHARATHI",
                        "FIND": "Adam veith carter-YEC-2022"
                    },
                    {
                        "LAYER1": "MANIBHARATHI",
                        "FIND": "Mcleod Quest Family Trust"
                    },
                    {
                        "LAYER1": "MANIBHARATHI",
                        "FIND": "Mcleod Quest Family Trust"
                    },
                    {
                        "LAYER1": "MANIBHARATHI",
                        "FIND": "Mcleod Corporate Pty Ltd"
                    },
                    {
                        "LAYER1": "MANIBHARATHI",
                        "FIND": "Mcleod Corporate Pty Ltd"
                    },
                    {
                        "LAYER1": "MANIBHARATHI",
                        "FIND": "Kyile Hourigan"
                    },
                    {
                        "LAYER1": "MANIBHARATHI",
                        "FIND": "Houfour Pty Ltd"
                    },
                    {
                        "LAYER1": "MANIBHARATHI",
                        "FIND": " Ashby Family Group  - Fuse Docs"
                    },
                    {
                        "LAYER1": "MANIBHARATHI",
                        "FIND": "FBT Template Preparation"
                    },
                    {
                        "LAYER1": "MANIBHARATHI",
                        "FIND": "Lalico Investment Trust"
                    },
                    {
                        "LAYER1": "MANIBHARATHI",
                        "FIND": "Armin Kroll ITR -2022"
                    },
                    {
                        "LAYER1": "MANIBHARATHI",
                        "FIND": "Primordial Ashe Pty Ltd-YEC-2022"
                    },
                    {
                        "LAYER1": "MANIBHARATHI",
                        "FIND": "Six Point Advisors Pty Ltd"
                    },
                    {
                        "LAYER1": "MANIBHARATHI",
                        "FIND": "Karoline Kroll ITR -2022"
                    },
                    {
                        "LAYER1": "MANIBHARATHI",
                        "FIND": "The Wind Horse Trust-YEC-2022"
                    },
                    {
                        "LAYER1": "MANIBHARATHI",
                        "FIND": "Lynn Kroll ITR 2022"
                    },
                    {
                        "LAYER1": "MANIBHARATHI",
                        "FIND": "Dean Kroll - ITR 2022"
                    },
                    {
                        "LAYER1": "MANIBHARATHI",
                        "FIND": "T & K Family Trust"
                    },
                    {
                        "LAYER1": "MANIBHARATHI",
                        "FIND": "AKDA Business Trust 2022"
                    },
                    {
                        "LAYER1": "MANIBHARATHI",
                        "FIND": "3 Cups Pty Ltd"
                    },
                    {
                        "LAYER1": "MANIBHARATHI",
                        "FIND": "Bishop Family Trust-YEC-2022"
                    },
                    {
                        "LAYER1": "MANIBHARATHI",
                        "FIND": "Fiona & Rhys Family Trust-YEC-2022"
                    },
                    {
                        "LAYER1": "MANIBHARATHI",
                        "FIND": "Fiona Williams-YEC-2022"
                    },
                    {
                        "LAYER1": "MANIBHARATHI",
                        "FIND": "Phys Williams-YEC-2022"
                    },
                    {
                        "LAYER1": "MANIBHARATHI",
                        "FIND": "Raised Pixels Pty Ltd 2022"
                    },
                    {
                        "LAYER1": "MANIBHARATHI",
                        "FIND": "Mogatto Investments Pty Ltd-YEC-2022"
                    },
                    {
                        "LAYER1": "MANIBHARATHI",
                        "FIND": "Carers Compass Pty Ltd-YEC-2022"
                    },
                    {
                        "LAYER1": "MANIBHARATHI",
                        "FIND": "Diana Gatto-YEC-2022"
                    },
                    {
                        "LAYER1": "MANIBHARATHI",
                        "FIND": "Performance Leaders Australia Pty Ltd-YEC-2022"
                    },
                    {
                        "LAYER1": "MANIBHARATHI",
                        "FIND": "Morgatto Investments Pty Ltd - YEC -2022"
                    },
                    {
                        "LAYER1": "MANIBHARATHI",
                        "FIND": "Exel Power Australia Unit Trust FBT 2023"
                    },
                    {
                        "LAYER1": "MANIBHARATHI",
                        "FIND": "Exel Infrgroup Pty Ltd FBT 2023"
                    },
                    {
                        "LAYER1": "MANIBHARATHI",
                        "FIND": "Formpro Group-2023"
                    },
                    {
                        "LAYER1": "MANIBHARATHI",
                        "FIND": "Mee\u2019s Bus Lines Proprietary Limited-2023"
                    },
                    {
                        "LAYER1": "MANIBHARATHI",
                        "FIND": "Kihara, Motoyoshi"
                    },
                    {
                        "LAYER1": "MANIBHARATHI",
                        "FIND": "Kihara, Bridget"
                    },
                    {
                        "LAYER1": "MANIBHARATHI",
                        "FIND": "Oz Plas Pty Ltd"
                    },
                    {
                        "LAYER1": "MANIBHARATHI",
                        "FIND": "GTM Truck Centre Pty Ltd"
                    },
                    {
                        "LAYER1": "MANIBHARATHI",
                        "FIND": "David Mcalpine-YEC 2022"
                    },
                    {
                        "LAYER1": "MANIBHARATHI",
                        "FIND": "Grigg Group-FY2022"
                    },
                    {
                        "LAYER1": "MANIBHARATHI",
                        "FIND": "Mondamac Trust-YEC-2022"
                    },
                    {
                        "LAYER1": "MANIBHARATHI",
                        "FIND": "BG & SM Mcalpine-YEC-2022"
                    }
                ]
            },
            {
                "LAYERx2": [
                    {
                        "LAYER2": "FSP",
                        "FIND": "MANIBHARATHI"
                    },
                    {
                        "LAYER2": "FSP",
                        "FIND": "MANIBHARATHI"
                    },
                    {
                        "LAYER2": "FSP",
                        "FIND": "MANIBHARATHI"
                    },
                    {
                        "LAYER2": "FSP",
                        "FIND": "MANIBHARATHI"
                    },
                    {
                        "LAYER2": "FSP",
                        "FIND": "MANIBHARATHI"
                    },
                    {
                        "LAYER2": "FSP",
                        "FIND": "MANIBHARATHI"
                    },
                    {
                        "LAYER2": "ITR",
                        "FIND": "MANIBHARATHI"
                    },
                    {
                        "LAYER2": "ITR",
                        "FIND": "MANIBHARATHI"
                    },
                    {
                        "LAYER2": "Adhoc",
                        "FIND": "MANIBHARATHI"
                    },
                    {
                        "LAYER2": "Adhoc",
                        "FIND": "MANIBHARATHI"
                    },
                    {
                        "LAYER2": "Adhoc",
                        "FIND": "MANIBHARATHI"
                    },
                    {
                        "LAYER2": "Adhoc",
                        "FIND": "MANIBHARATHI"
                    },
                    {
                        "LAYER2": "Adhoc",
                        "FIND": "MANIBHARATHI"
                    }
                ]
            },
            {
                "LAYERx3": [
                    {
                        "LAYER3": "Planning Meeting",
                        "FIND": "FSP",
                        "FINDM": "MANIBHARATHI"
                    },
                    {
                        "LAYER3": "Stage 1 Process",
                        "FIND": "FSP",
                        "FINDM": "MANIBHARATHI"
                    },
                    {
                        "LAYER3": "Stage 1 Review",
                        "FIND": "FSP",
                        "FINDM": "MANIBHARATHI"
                    },
                    {
                        "LAYER3": "Stage 2 Process",
                        "FIND": "FSP",
                        "FINDM": "MANIBHARATHI"
                    },
                    {
                        "LAYER3": "Stage 2 Reivew",
                        "FIND": "FSP",
                        "FINDM": "MANIBHARATHI"
                    },
                    {
                        "LAYER3": "Fixing Client Review points",
                        "FIND": "FSP",
                        "FINDM": "MANIBHARATHI"
                    },
                    {
                        "LAYER3": "Processing ITR",
                        "FIND": "ITR",
                        "FINDM": "MANIBHARATHI"
                    },
                    {
                        "LAYER3": "Review ITR",
                        "FIND": "ITR",
                        "FINDM": "MANIBHARATHI"
                    },
                    {
                        "LAYER3": "Roll Over Project",
                        "FIND": "Adhoc",
                        "FINDM": "MANIBHARATHI"
                    },
                    {
                        "LAYER3": "BAS",
                        "FIND": "Adhoc",
                        "FINDM": "MANIBHARATHI"
                    },
                    {
                        "LAYER3": "Bookkeeping",
                        "FIND": "Adhoc",
                        "FINDM": "MANIBHARATHI"
                    },
                    {
                        "LAYER3": "Tax Planning",
                        "FIND": "Adhoc",
                        "FINDM": "MANIBHARATHI"
                    },
                    {
                        "LAYER3": "Adhoc",
                        "FIND": "Adhoc",
                        "FINDM": "MANIBHARATHI"
                    }
                ]
            },
            {
                "LAYERx4": []
            },
            {
                "LAYERx5": []
            },
            {
                "LAYERx6": []
            },
            {
                "LAYERx7": []
            },
            {
                "LAYERx8": []
            }
        ]
    },
    {
        "SUTinfo": [
            {
                "Planning Meeting": "00:00:00"
            },
            {
                "Stage 1 Process": "00:00:00"
            },
            {
                "Stage 1 Review": "00:00:00"
            },
            {
                "Stage 2 Process": "00:00:00"
            },
            {
                "Stage 2 Reivew": "00:00:00"
            },
            {
                "Fixing Client Review points": "00:00:00"
            },
            {
                "Processing ITR": "00:00:00"
            },
            {
                "Review ITR": "00:00:00"
            },
            {
                "Roll Over Project": "00:00:00"
            },
            {
                "BAS": "00:00:00"
            },
            {
                "Bookkeeping": "00:00:00"
            },
            {
                "Tax Planning": "00:00:00"
            },
            {
                "Adhoc": "00:00:00"
            }
        ]
    }
]