[
    {
        "configure": {
            "Team": "MCLEAN DELMO",
            "NOCol": "4"
        }
    },
    {
        "LAYER": [
            {
                "LAYERx1": [
                    {
                        "LAYER1": "MANIBHARATHI",
                        "FIND": "Test1"
                    },
                    {
                        "LAYER1": "MANIBHARATHI",
                        "FIND": "Test1"
                    },
                    {
                        "LAYER1": "MANIBHARATHI",
                        "FIND": "Test1"
                    },
                    {
                        "LAYER1": "MANIBHARATHI",
                        "FIND": "Test1"
                    },
                    {
                        "LAYER1": "MANIBHARATHI",
                        "FIND": "Test1"
                    },
                    {
                        "LAYER1": "MANIBHARATHI",
                        "FIND": "Test1"
                    },
                    {
                        "LAYER1": "MANIBHARATHI",
                        "FIND": "Test1"
                    },
                    {
                        "LAYER1": "MANIBHARATHI",
                        "FIND": "Test1"
                    },
                    {
                        "LAYER1": "MANIBHARATHI",
                        "FIND": "Test1"
                    },
                    {
                        "LAYER1": "MANIBHARATHI",
                        "FIND": "Test1"
                    },
                    {
                        "LAYER1": "MANIBHARATHI",
                        "FIND": "Test1"
                    },
                    {
                        "LAYER1": "MANIBHARATHI",
                        "FIND": "K J & R J Family Trust - Connolly Group"
                    },
                    {
                        "LAYER1": "MANIBHARATHI",
                        "FIND": "Test1"
                    },
                    {
                        "LAYER1": "MANIBHARATHI",
                        "FIND": "Test1"
                    },
                    {
                        "LAYER1": "MANIBHARATHI",
                        "FIND": "Chris Canavan Family Trust"
                    },
                    {
                        "LAYER1": "MANIBHARATHI",
                        "FIND": "Murray Group"
                    },
                    {
                        "LAYER1": "MANIBHARATHI",
                        "FIND": "Admin"
                    },
                    {
                        "LAYER1": "MANIBHARATHI",
                        "FIND": "Gwenneth Winter"
                    },
                    {
                        "LAYER1": "MANIBHARATHI",
                        "FIND": "Thomas Albert Maxwell"
                    },
                    {
                        "LAYER1": "MANIBHARATHI",
                        "FIND": "Thomas Albert Maxwell"
                    },
                    {
                        "LAYER1": "MANIBHARATHI",
                        "FIND": "Chris Canavan Family Trust"
                    },
                    {
                        "LAYER1": "MANIBHARATHI",
                        "FIND": "Murray FT No 3"
                    },
                    {
                        "LAYER1": "MANIBHARATHI",
                        "FIND": "Murray FT No 3"
                    },
                    {
                        "LAYER1": "MANIBHARATHI",
                        "FIND": "The Waller Family Trust"
                    },
                    {
                        "LAYER1": "MANIBHARATHI",
                        "FIND": "calpakam Family Trust no  2"
                    },
                    {
                        "LAYER1": "MANIBHARATHI",
                        "FIND": "Chris Canavan"
                    },
                    {
                        "LAYER1": "MANIBHARATHI",
                        "FIND": "Peter Hansen Family Trust"
                    },
                    {
                        "LAYER1": "MANIBHARATHI",
                        "FIND": "Romanca Jasinski"
                    },
                    {
                        "LAYER1": "MANIBHARATHI",
                        "FIND": "IRS Australia"
                    },
                    {
                        "LAYER1": "MANIBHARATHI",
                        "FIND": "Peter Hansen"
                    },
                    {
                        "LAYER1": "MANIBHARATHI",
                        "FIND": "Gwenneth Winter"
                    },
                    {
                        "LAYER1": "MANIBHARATHI",
                        "FIND": "Neroli Jane Hansen"
                    },
                    {
                        "LAYER1": "MANIBHARATHI",
                        "FIND": "P N FAMILY TRUST"
                    },
                    {
                        "LAYER1": "MANIBHARATHI",
                        "FIND": "Julia Canavan"
                    },
                    {
                        "LAYER1": "MANIBHARATHI",
                        "FIND": "Sarah Miriam Naarden"
                    },
                    {
                        "LAYER1": "MANIBHARATHI",
                        "FIND": "Murray FT No 3"
                    },
                    {
                        "LAYER1": "MANIBHARATHI",
                        "FIND": "Richard James Hansen"
                    },
                    {
                        "LAYER1": "MANIBHARATHI",
                        "FIND": "Louise Elizabeth Hansen"
                    },
                    {
                        "LAYER1": "MANIBHARATHI",
                        "FIND": "Anna Jane Hansen "
                    },
                    {
                        "LAYER1": "MANIBHARATHI",
                        "FIND": "William James Hansen"
                    },
                    {
                        "LAYER1": "MANIBHARATHI",
                        "FIND": "Toby Michael Hansen"
                    },
                    {
                        "LAYER1": "MANIBHARATHI",
                        "FIND": "Toby Michael Hansen"
                    },
                    {
                        "LAYER1": "MANIBHARATHI",
                        "FIND": "Micheal Murray"
                    },
                    {
                        "LAYER1": "MANIBHARATHI",
                        "FIND": "Murray FT No 3"
                    },
                    {
                        "LAYER1": "MANIBHARATHI",
                        "FIND": "Craig Delmo"
                    },
                    {
                        "LAYER1": "MANIBHARATHI",
                        "FIND": "IRS Holding Unit Trust"
                    },
                    {
                        "LAYER1": "MANIBHARATHI",
                        "FIND": "IRS Holding Unit Trust"
                    },
                    {
                        "LAYER1": "MANIBHARATHI",
                        "FIND": "Craig Delmo Family Trust"
                    },
                    {
                        "LAYER1": "MANIBHARATHI",
                        "FIND": "Mannes Group"
                    },
                    {
                        "LAYER1": "MANIBHARATHI",
                        "FIND": "D'Angelo Family Trust"
                    },
                    {
                        "LAYER1": "MANIBHARATHI",
                        "FIND": "Tony Green"
                    },
                    {
                        "LAYER1": "MANIBHARATHI",
                        "FIND": "Tony Green"
                    },
                    {
                        "LAYER1": "MANIBHARATHI",
                        "FIND": "John Russell Womersley"
                    },
                    {
                        "LAYER1": "MANIBHARATHI",
                        "FIND": "Marmann Trust"
                    },
                    {
                        "LAYER1": "MANIBHARATHI",
                        "FIND": "calpakam Family Trust no  2"
                    },
                    {
                        "LAYER1": "MANIBHARATHI",
                        "FIND": "Andrea Womersley"
                    },
                    {
                        "LAYER1": "MANIBHARATHI",
                        "FIND": "Kristine Whorlow"
                    },
                    {
                        "LAYER1": "MANIBHARATHI",
                        "FIND": "calpakam Family Trust no  2"
                    },
                    {
                        "LAYER1": "MANIBHARATHI",
                        "FIND": "George Simpson"
                    },
                    {
                        "LAYER1": "MANIBHARATHI",
                        "FIND": "calpakam Family Trust no  2"
                    },
                    {
                        "LAYER1": "MANIBHARATHI",
                        "FIND": "Sonia Calpakam Group"
                    },
                    {
                        "LAYER1": "MANIBHARATHI",
                        "FIND": "Sonia Calpakam Group"
                    },
                    {
                        "LAYER1": "MANIBHARATHI",
                        "FIND": "Ajay Mohan Calpakam"
                    },
                    {
                        "LAYER1": "MANIBHARATHI",
                        "FIND": "Ajay Mohan Calpakam"
                    },
                    {
                        "LAYER1": "MANIBHARATHI",
                        "FIND": "calpakam Family Trust no  2"
                    },
                    {
                        "LAYER1": "MANIBHARATHI",
                        "FIND": "calpakam Family Trust no  2"
                    },
                    {
                        "LAYER1": "MANIBHARATHI",
                        "FIND": "calpakam Family Trust no  2"
                    },
                    {
                        "LAYER1": "MANIBHARATHI",
                        "FIND": "Tanya Calpakam"
                    },
                    {
                        "LAYER1": "MANIBHARATHI",
                        "FIND": "Cheryl Mann"
                    },
                    {
                        "LAYER1": "MANIBHARATHI",
                        "FIND": "Karena Calpakam Group"
                    },
                    {
                        "LAYER1": "MANIBHARATHI",
                        "FIND": "Karena Calpakam "
                    },
                    {
                        "LAYER1": "MANIBHARATHI",
                        "FIND": "Mohan Investments Pty Ltd"
                    },
                    {
                        "LAYER1": "MANIBHARATHI",
                        "FIND": "Craig Seymour"
                    },
                    {
                        "LAYER1": "MANIBHARATHI",
                        "FIND": "Angelo Augustus"
                    },
                    {
                        "LAYER1": "MANIBHARATHI",
                        "FIND": "Ajay Mohan Calpakam"
                    },
                    {
                        "LAYER1": "MANIBHARATHI",
                        "FIND": "J & D Unit Trust"
                    },
                    {
                        "LAYER1": "MANIBHARATHI",
                        "FIND": "J & D Unit Trust"
                    },
                    {
                        "LAYER1": "MANIBHARATHI",
                        "FIND": "Geraldine Augustus"
                    },
                    {
                        "LAYER1": "MANIBHARATHI",
                        "FIND": "Geraldine Augustus"
                    },
                    {
                        "LAYER1": "MANIBHARATHI",
                        "FIND": "The Consumables Collection Pty Ltd"
                    },
                    {
                        "LAYER1": "MANIBHARATHI",
                        "FIND": "George Simpson"
                    },
                    {
                        "LAYER1": "MANIBHARATHI",
                        "FIND": "Test1"
                    },
                    {
                        "LAYER1": "MANIBHARATHI",
                        "FIND": "Adello Family Trust"
                    },
                    {
                        "LAYER1": "MANIBHARATHI",
                        "FIND": "Andrew Charles Bott"
                    },
                    {
                        "LAYER1": "MANIBHARATHI",
                        "FIND": "Jacqueline Shafar Special Disability Trust"
                    },
                    {
                        "LAYER1": "MANIBHARATHI",
                        "FIND": "Jacqueline Shafar Special Disability Trust"
                    },
                    {
                        "LAYER1": "MANIBHARATHI",
                        "FIND": "Actopan Trust"
                    },
                    {
                        "LAYER1": "MANIBHARATHI",
                        "FIND": "Northaust Trust"
                    },
                    {
                        "LAYER1": "MANIBHARATHI",
                        "FIND": "Jan Dimmick"
                    },
                    {
                        "LAYER1": "MANIBHARATHI",
                        "FIND": "Barbara Atkin"
                    },
                    {
                        "LAYER1": "MANIBHARATHI",
                        "FIND": "Powell Family Trust"
                    },
                    {
                        "LAYER1": "MANIBHARATHI",
                        "FIND": "Constantine Heliotis"
                    },
                    {
                        "LAYER1": "MANIBHARATHI",
                        "FIND": "Jan Dimmick"
                    },
                    {
                        "LAYER1": "MANIBHARATHI",
                        "FIND": "Anna Womersley"
                    },
                    {
                        "LAYER1": "MANIBHARATHI",
                        "FIND": "Synergy Automation PTty"
                    },
                    {
                        "LAYER1": "MANIBHARATHI",
                        "FIND": "Barbara Atkin"
                    },
                    {
                        "LAYER1": "MANIBHARATHI",
                        "FIND": "Adamur Trust"
                    },
                    {
                        "LAYER1": "MANIBHARATHI",
                        "FIND": "Aitken Hill Property Trust"
                    },
                    {
                        "LAYER1": "MANIBHARATHI",
                        "FIND": "Extreme Clean Trust"
                    },
                    {
                        "LAYER1": "MANIBHARATHI",
                        "FIND": "Admin"
                    },
                    {
                        "LAYER1": "MANIBHARATHI",
                        "FIND": "Madason Family Trust"
                    },
                    {
                        "LAYER1": "MANIBHARATHI",
                        "FIND": "Aitken Hill Family Trust"
                    },
                    {
                        "LAYER1": "MANIBHARATHI",
                        "FIND": "John Snelling"
                    },
                    {
                        "LAYER1": "MANIBHARATHI",
                        "FIND": "G Adams No 2 Family Trust"
                    },
                    {
                        "LAYER1": "MANIBHARATHI",
                        "FIND": "Polidano Family Trust"
                    },
                    {
                        "LAYER1": "MANIBHARATHI",
                        "FIND": "Mark Dal Pra"
                    },
                    {
                        "LAYER1": "MANIBHARATHI",
                        "FIND": "Jacqueline Shafar Special Disability Trust"
                    },
                    {
                        "LAYER1": "MANIBHARATHI",
                        "FIND": "Alto Events Pty Ltd"
                    },
                    {
                        "LAYER1": "MANIBHARATHI",
                        "FIND": "Alto Events Pty Ltd"
                    },
                    {
                        "LAYER1": "MANIBHARATHI",
                        "FIND": "Dr Print International"
                    },
                    {
                        "LAYER1": "MANIBHARATHI",
                        "FIND": "DAMM GROUP"
                    },
                    {
                        "LAYER1": "MANIBHARATHI",
                        "FIND": "John Snelling"
                    },
                    {
                        "LAYER1": "MANIBHARATHI",
                        "FIND": "The George Events Pty Ltd"
                    },
                    {
                        "LAYER1": "MANIBHARATHI",
                        "FIND": "George Event Pty Ltd"
                    },
                    {
                        "LAYER1": "MANIBHARATHI",
                        "FIND": "Damm Fine Food Pty Ltd"
                    },
                    {
                        "LAYER1": "MANIBHARATHI",
                        "FIND": "Extreme Clean Trust"
                    },
                    {
                        "LAYER1": "MANIBHARATHI",
                        "FIND": "Chris Rhodes"
                    },
                    {
                        "LAYER1": "MANIBHARATHI",
                        "FIND": "Chris Rhodes"
                    },
                    {
                        "LAYER1": "MANIBHARATHI",
                        "FIND": "Sayuri Thomson"
                    },
                    {
                        "LAYER1": "MANIBHARATHI",
                        "FIND": "Admin"
                    },
                    {
                        "LAYER1": "MANIBHARATHI",
                        "FIND": "Alissa Rhodes"
                    },
                    {
                        "LAYER1": "MANIBHARATHI",
                        "FIND": "Alto Events Pty Ltd"
                    },
                    {
                        "LAYER1": "MANIBHARATHI",
                        "FIND": "Partnership of Zisis & Areti Bosvotecas"
                    },
                    {
                        "LAYER1": "MANIBHARATHI",
                        "FIND": "Damm Fine Food Pty Ltd"
                    },
                    {
                        "LAYER1": "MANIBHARATHI",
                        "FIND": "DAMM Fine food Sorrento UT"
                    },
                    {
                        "LAYER1": "MANIBHARATHI",
                        "FIND": "Areti Bosevotecas"
                    },
                    {
                        "LAYER1": "MANIBHARATHI",
                        "FIND": "Andrew Thomson"
                    },
                    {
                        "LAYER1": "MANIBHARATHI",
                        "FIND": "Zisis Botevotecas"
                    },
                    {
                        "LAYER1": "MANIBHARATHI",
                        "FIND": "Patrick Carney"
                    },
                    {
                        "LAYER1": "MANIBHARATHI",
                        "FIND": "Elissa Wilson"
                    },
                    {
                        "LAYER1": "MANIBHARATHI",
                        "FIND": "Damm fine food Co Pty Ltd"
                    },
                    {
                        "LAYER1": "MANIBHARATHI",
                        "FIND": "Polidano Family Trust"
                    },
                    {
                        "LAYER1": "MANIBHARATHI",
                        "FIND": "Polidano Family Trust"
                    },
                    {
                        "LAYER1": "MANIBHARATHI",
                        "FIND": "Polidano Family Trust"
                    },
                    {
                        "LAYER1": "MANIBHARATHI",
                        "FIND": "Admin"
                    },
                    {
                        "LAYER1": "MANIBHARATHI",
                        "FIND": "Georgina Damm Inc Trust"
                    },
                    {
                        "LAYER1": "MANIBHARATHI",
                        "FIND": "Admin"
                    },
                    {
                        "LAYER1": "MANIBHARATHI",
                        "FIND": "DAMM Fine food Sorrento UT"
                    },
                    {
                        "LAYER1": "MANIBHARATHI",
                        "FIND": "Rod Runco"
                    },
                    {
                        "LAYER1": "MANIBHARATHI",
                        "FIND": "Rod Runco"
                    },
                    {
                        "LAYER1": "MANIBHARATHI",
                        "FIND": "Daria Runco"
                    },
                    {
                        "LAYER1": "MANIBHARATHI",
                        "FIND": "Daria Runco"
                    },
                    {
                        "LAYER1": "MANIBHARATHI",
                        "FIND": "Quick Gas (Aust) Unit Trust"
                    },
                    {
                        "LAYER1": "MANIBHARATHI",
                        "FIND": "Derek Murphy"
                    },
                    {
                        "LAYER1": "MANIBHARATHI",
                        "FIND": "Keelan Murphy"
                    },
                    {
                        "LAYER1": "MANIBHARATHI",
                        "FIND": "Eamon Francis Murphy"
                    },
                    {
                        "LAYER1": "MANIBHARATHI",
                        "FIND": "Paul Peter Polidano"
                    },
                    {
                        "LAYER1": "MANIBHARATHI",
                        "FIND": "Warwick Concrete Company Pty Ltd"
                    },
                    {
                        "LAYER1": "MANIBHARATHI",
                        "FIND": "Christina Mitchell"
                    },
                    {
                        "LAYER1": "MANIBHARATHI",
                        "FIND": "The Collectables Company"
                    },
                    {
                        "LAYER1": "MANIBHARATHI",
                        "FIND": "The Collectables Company"
                    },
                    {
                        "LAYER1": "MANIBHARATHI",
                        "FIND": "Gerard Polidano"
                    },
                    {
                        "LAYER1": "MANIBHARATHI",
                        "FIND": "Kylie Sutherland"
                    },
                    {
                        "LAYER1": "MANIBHARATHI",
                        "FIND": "Grace Sutherland"
                    },
                    {
                        "LAYER1": "MANIBHARATHI",
                        "FIND": "Fraser Sutherland"
                    },
                    {
                        "LAYER1": "MANIBHARATHI",
                        "FIND": "Elisabeth Moran"
                    },
                    {
                        "LAYER1": "MANIBHARATHI",
                        "FIND": "Elisabeth Moran"
                    },
                    {
                        "LAYER1": "MANIBHARATHI",
                        "FIND": "Margaret Mannes"
                    },
                    {
                        "LAYER1": "MANIBHARATHI",
                        "FIND": "The Consumables Collection Pty Ltd"
                    },
                    {
                        "LAYER1": "MANIBHARATHI",
                        "FIND": "Polidano Family Trust"
                    },
                    {
                        "LAYER1": "MANIBHARATHI",
                        "FIND": "Paul Barker"
                    },
                    {
                        "LAYER1": "MANIBHARATHI",
                        "FIND": "Admin"
                    },
                    {
                        "LAYER1": "MANIBHARATHI",
                        "FIND": "PB Family Trust"
                    },
                    {
                        "LAYER1": "MANIBHARATHI",
                        "FIND": "Damm Fine Food Pty Ltd"
                    },
                    {
                        "LAYER1": "MANIBHARATHI",
                        "FIND": "Alexnder Ashby"
                    },
                    {
                        "LAYER1": "MANIBHARATHI",
                        "FIND": "Dr Print International"
                    },
                    {
                        "LAYER1": "MANIBHARATHI",
                        "FIND": "No Job"
                    },
                    {
                        "LAYER1": "MANIBHARATHI",
                        "FIND": "DAMM Fine food Sorrento UT"
                    },
                    {
                        "LAYER1": "MANIBHARATHI",
                        "FIND": "Damm fine food Co Pty Ltd"
                    },
                    {
                        "LAYER1": "MANIBHARATHI",
                        "FIND": "Crotty Investment Trust"
                    },
                    {
                        "LAYER1": "MANIBHARATHI",
                        "FIND": "DAMM Fine food Sorrento UT"
                    },
                    {
                        "LAYER1": "MANIBHARATHI",
                        "FIND": "Admin"
                    },
                    {
                        "LAYER1": "MANIBHARATHI",
                        "FIND": "Admin"
                    },
                    {
                        "LAYER1": "MANIBHARATHI",
                        "FIND": "Admin"
                    },
                    {
                        "LAYER1": "MANIBHARATHI",
                        "FIND": "Admin"
                    },
                    {
                        "LAYER1": "MANIBHARATHI",
                        "FIND": "Gravitas Media "
                    },
                    {
                        "LAYER1": "MANIBHARATHI",
                        "FIND": "PB Family Trust"
                    },
                    {
                        "LAYER1": "MANIBHARATHI",
                        "FIND": "Abbey Group"
                    },
                    {
                        "LAYER1": "MANIBHARATHI",
                        "FIND": "Murray FT No 2"
                    },
                    {
                        "LAYER1": "MANIBHARATHI",
                        "FIND": "Admin"
                    },
                    {
                        "LAYER1": "MANIBHARATHI",
                        "FIND": "Murray FT No 3"
                    },
                    {
                        "LAYER1": "MANIBHARATHI",
                        "FIND": "Ann Maloney"
                    },
                    {
                        "LAYER1": "MANIBHARATHI",
                        "FIND": "Angus Maxwell Abbey"
                    },
                    {
                        "LAYER1": "MANIBHARATHI",
                        "FIND": "Philips , GC & MM"
                    },
                    {
                        "LAYER1": "MANIBHARATHI",
                        "FIND": "Dorothy Violet Abbey"
                    },
                    {
                        "LAYER1": "MANIBHARATHI",
                        "FIND": "Paul Barker"
                    },
                    {
                        "LAYER1": "MANIBHARATHI",
                        "FIND": "Gravitas Media "
                    },
                    {
                        "LAYER1": "MANIBHARATHI",
                        "FIND": "Patrick Carney"
                    },
                    {
                        "LAYER1": "MANIBHARATHI",
                        "FIND": "Maria Magdalen"
                    },
                    {
                        "LAYER1": "MANIBHARATHI",
                        "FIND": "Anna Womersley"
                    },
                    {
                        "LAYER1": "MANIBHARATHI",
                        "FIND": "Anna Womersley"
                    },
                    {
                        "LAYER1": "MANIBHARATHI",
                        "FIND": "Anna Womersley"
                    },
                    {
                        "LAYER1": "MANIBHARATHI",
                        "FIND": "Admin"
                    },
                    {
                        "LAYER1": "MANIBHARATHI",
                        "FIND": "Adam Group"
                    },
                    {
                        "LAYER1": "MANIBHARATHI",
                        "FIND": "Adam Group"
                    },
                    {
                        "LAYER1": "MANIBHARATHI",
                        "FIND": "Jonathan Augustus"
                    },
                    {
                        "LAYER1": "MANIBHARATHI",
                        "FIND": "Melinda Sansom Testamentary Trust"
                    },
                    {
                        "LAYER1": "MANIBHARATHI",
                        "FIND": "Admin"
                    },
                    {
                        "LAYER1": "MANIBHARATHI",
                        "FIND": "Meta Smith"
                    },
                    {
                        "LAYER1": "MANIBHARATHI",
                        "FIND": "Patrick Carney"
                    },
                    {
                        "LAYER1": "MANIBHARATHI",
                        "FIND": "Admin"
                    },
                    {
                        "LAYER1": "MANIBHARATHI",
                        "FIND": "Paul Peter Polidano"
                    },
                    {
                        "LAYER1": "MANIBHARATHI",
                        "FIND": "Andrew Sutherland"
                    },
                    {
                        "LAYER1": "MANIBHARATHI",
                        "FIND": "Admin"
                    },
                    {
                        "LAYER1": "MANIBHARATHI",
                        "FIND": "Elizabeth Polidano"
                    },
                    {
                        "LAYER1": "MANIBHARATHI",
                        "FIND": "Andrew Sutherland"
                    },
                    {
                        "LAYER1": "MANIBHARATHI",
                        "FIND": "Paul Peter Polidano"
                    },
                    {
                        "LAYER1": "MANIBHARATHI",
                        "FIND": "Adam Group"
                    },
                    {
                        "LAYER1": "MANIBHARATHI",
                        "FIND": "Runco Group"
                    },
                    {
                        "LAYER1": "MANIBHARATHI",
                        "FIND": "Admin"
                    },
                    {
                        "LAYER1": "MANIBHARATHI",
                        "FIND": "Sunbury Unit Trust"
                    }
                ]
            },
            {
                "LAYERx2": [
                    {
                        "LAYER2": "FSP",
                        "FIND": "MANIBHARATHI"
                    },
                    {
                        "LAYER2": "FSP",
                        "FIND": "MANIBHARATHI"
                    },
                    {
                        "LAYER2": "FSP",
                        "FIND": "MANIBHARATHI"
                    },
                    {
                        "LAYER2": "FSP",
                        "FIND": "MANIBHARATHI"
                    },
                    {
                        "LAYER2": "FSP",
                        "FIND": "MANIBHARATHI"
                    },
                    {
                        "LAYER2": "FSP",
                        "FIND": "MANIBHARATHI"
                    },
                    {
                        "LAYER2": "ITR",
                        "FIND": "MANIBHARATHI"
                    },
                    {
                        "LAYER2": "ITR",
                        "FIND": "MANIBHARATHI"
                    },
                    {
                        "LAYER2": "Adhoc",
                        "FIND": "MANIBHARATHI"
                    },
                    {
                        "LAYER2": "Adhoc",
                        "FIND": "MANIBHARATHI"
                    },
                    {
                        "LAYER2": "Adhoc",
                        "FIND": "MANIBHARATHI"
                    }
                ]
            },
            {
                "LAYERx3": [
                    {
                        "LAYER3": "Planning Meeting",
                        "FIND": "FSP",
                        "FINDM": "MANIBHARATHI"
                    },
                    {
                        "LAYER3": "Stage 1 Process",
                        "FIND": "FSP",
                        "FINDM": "MANIBHARATHI"
                    },
                    {
                        "LAYER3": "Stage 1 Review",
                        "FIND": "FSP",
                        "FINDM": "MANIBHARATHI"
                    },
                    {
                        "LAYER3": "Stage 2 Process",
                        "FIND": "FSP",
                        "FINDM": "MANIBHARATHI"
                    },
                    {
                        "LAYER3": "Stage 2 Reivew",
                        "FIND": "FSP",
                        "FINDM": "MANIBHARATHI"
                    },
                    {
                        "LAYER3": "Fixing Client Review points",
                        "FIND": "FSP",
                        "FINDM": "MANIBHARATHI"
                    },
                    {
                        "LAYER3": "Processing ITR",
                        "FIND": "ITR",
                        "FINDM": "MANIBHARATHI"
                    },
                    {
                        "LAYER3": "Review ITR",
                        "FIND": "ITR",
                        "FINDM": "MANIBHARATHI"
                    },
                    {
                        "LAYER3": "BAS",
                        "FIND": "Adhoc",
                        "FINDM": "MANIBHARATHI"
                    },
                    {
                        "LAYER3": "Tax Planning",
                        "FIND": "Adhoc",
                        "FINDM": "MANIBHARATHI"
                    },
                    {
                        "LAYER3": "Adhoc",
                        "FIND": "Adhoc",
                        "FINDM": "MANIBHARATHI"
                    }
                ]
            },
            {
                "LAYERx4": []
            },
            {
                "LAYERx5": []
            },
            {
                "LAYERx6": []
            },
            {
                "LAYERx7": []
            },
            {
                "LAYERx8": []
            }
        ]
    },
    {
        "SUTinfo": [
            {
                "Planning Meeting": "00:00:00"
            },
            {
                "Stage 1 Process": "00:00:00"
            },
            {
                "Stage 1 Review": "00:00:00"
            },
            {
                "Stage 2 Process": "00:00:00"
            },
            {
                "Stage 2 Reivew": "00:00:00"
            },
            {
                "Fixing Client Review points": "00:00:00"
            },
            {
                "Processing ITR": "00:00:00"
            },
            {
                "Review ITR": "00:00:00"
            },
            {
                "BAS": "00:00:00"
            },
            {
                "Tax Planning": "00:00:00"
            },
            {
                "Adhoc": "00:00:00"
            }
        ]
    }
]