[
    {
        "configure": {
            "Team": "PP BRISBANE",
            "NOCol": "4"
        }
    },
    {
        "LAYER": [
            {
                "LAYERx1": [
                    {
                        "LAYER1": "MANIBHARATHI",
                        "FIND": "Test1"
                    },
                    {
                        "LAYER1": "MANIBHARATHI",
                        "FIND": "Test1"
                    },
                    {
                        "LAYER1": "MANIBHARATHI",
                        "FIND": "Test1"
                    },
                    {
                        "LAYER1": "MANIBHARATHI",
                        "FIND": "Test1"
                    },
                    {
                        "LAYER1": "MANIBHARATHI",
                        "FIND": "Test1"
                    },
                    {
                        "LAYER1": "MANIBHARATHI",
                        "FIND": "Test1"
                    },
                    {
                        "LAYER1": "MANIBHARATHI",
                        "FIND": "Test1"
                    },
                    {
                        "LAYER1": "MANIBHARATHI",
                        "FIND": "Test1"
                    },
                    {
                        "LAYER1": "MANIBHARATHI",
                        "FIND": "Test1"
                    },
                    {
                        "LAYER1": "MANIBHARATHI",
                        "FIND": "Test1"
                    },
                    {
                        "LAYER1": "MANIBHARATHI",
                        "FIND": "Test1"
                    },
                    {
                        "LAYER1": "MANIBHARATHI",
                        "FIND": "Test1"
                    },
                    {
                        "LAYER1": "MANIBHARATHI",
                        "FIND": "Test1"
                    },
                    {
                        "LAYER1": "MANIBHARATHI",
                        "FIND": "A"
                    },
                    {
                        "LAYER1": "MANIBHARATHI",
                        "FIND": "Admin"
                    },
                    {
                        "LAYER1": "MANIBHARATHI",
                        "FIND": "Admin"
                    },
                    {
                        "LAYER1": "MANIBHARATHI",
                        "FIND": "Workwear Hub Pty Ltd"
                    },
                    {
                        "LAYER1": "MANIBHARATHI",
                        "FIND": "Admin"
                    },
                    {
                        "LAYER1": "MANIBHARATHI",
                        "FIND": "Dmand Pty Ltd"
                    },
                    {
                        "LAYER1": "MANIBHARATHI",
                        "FIND": "The John Lang Family Trust"
                    },
                    {
                        "LAYER1": "MANIBHARATHI",
                        "FIND": "Tin shed trust pty ltd"
                    },
                    {
                        "LAYER1": "MANIBHARATHI",
                        "FIND": "Frog in a Sock Pty Ltd "
                    },
                    {
                        "LAYER1": "MANIBHARATHI",
                        "FIND": "Portfolio Creative Services Pty Ltd"
                    },
                    {
                        "LAYER1": "MANIBHARATHI",
                        "FIND": "J4SD Pty Ltd"
                    },
                    {
                        "LAYER1": "MANIBHARATHI",
                        "FIND": "Migration Guru Pty Ltd"
                    },
                    {
                        "LAYER1": "MANIBHARATHI",
                        "FIND": "Legal Guru Pty Ltd"
                    },
                    {
                        "LAYER1": "MANIBHARATHI",
                        "FIND": "Skerman Family Trust"
                    },
                    {
                        "LAYER1": "MANIBHARATHI",
                        "FIND": "Everest Holding Unit Trust "
                    },
                    {
                        "LAYER1": "MANIBHARATHI",
                        "FIND": "Education Guru Pty Ltd "
                    },
                    {
                        "LAYER1": "MANIBHARATHI",
                        "FIND": "Everest Holding Unit Trust No 2"
                    },
                    {
                        "LAYER1": "MANIBHARATHI",
                        "FIND": "Skerman Investment Trust"
                    },
                    {
                        "LAYER1": "MANIBHARATHI",
                        "FIND": "G B Smith ( Medical) Pty Ltd"
                    },
                    {
                        "LAYER1": "MANIBHARATHI",
                        "FIND": "Haven Road Holdings Pty Ltd"
                    },
                    {
                        "LAYER1": "MANIBHARATHI",
                        "FIND": "Sbs2735!"
                    },
                    {
                        "LAYER1": "MANIBHARATHI",
                        "FIND": "Indus Institute Pty Ltd"
                    },
                    {
                        "LAYER1": "MANIBHARATHI",
                        "FIND": "Guru Family Trust"
                    },
                    {
                        "LAYER1": "MANIBHARATHI",
                        "FIND": "Micona Trust"
                    },
                    {
                        "LAYER1": "MANIBHARATHI",
                        "FIND": "Greg Smith Trust"
                    },
                    {
                        "LAYER1": "MANIBHARATHI",
                        "FIND": "Queensland Oyster Pty Ltd"
                    },
                    {
                        "LAYER1": "MANIBHARATHI",
                        "FIND": "Migration Guru International Pty Ltd"
                    },
                    {
                        "LAYER1": "MANIBHARATHI",
                        "FIND": "Drawboard Pty Ltd"
                    },
                    {
                        "LAYER1": "MANIBHARATHI",
                        "FIND": "J N Egan Investment Trust"
                    },
                    {
                        "LAYER1": "MANIBHARATHI",
                        "FIND": "J4LD Pty Ltd"
                    },
                    {
                        "LAYER1": "MANIBHARATHI",
                        "FIND": "Tanda Financial Services Pty Ltd"
                    },
                    {
                        "LAYER1": "MANIBHARATHI",
                        "FIND": "Reuben Pelerman Bequest"
                    },
                    {
                        "LAYER1": "MANIBHARATHI",
                        "FIND": "Draiger Pty Ltd"
                    },
                    {
                        "LAYER1": "MANIBHARATHI",
                        "FIND": "Draiger Pty Ltd"
                    },
                    {
                        "LAYER1": "MANIBHARATHI",
                        "FIND": "Vacuworx Australia Pty Ltd"
                    },
                    {
                        "LAYER1": "MANIBHARATHI",
                        "FIND": "Work Force (Aust) Pty Ltd "
                    },
                    {
                        "LAYER1": "MANIBHARATHI",
                        "FIND": "Welcome to work Pty Ltd"
                    },
                    {
                        "LAYER1": "MANIBHARATHI",
                        "FIND": "CLN Management Trust"
                    },
                    {
                        "LAYER1": "MANIBHARATHI",
                        "FIND": "Mary Valley Field Discretionary Trust "
                    },
                    {
                        "LAYER1": "MANIBHARATHI",
                        "FIND": "Inverstanley Holdings Pty Ltd"
                    },
                    {
                        "LAYER1": "MANIBHARATHI",
                        "FIND": "The GCS Trust"
                    },
                    {
                        "LAYER1": "MANIBHARATHI",
                        "FIND": "Morton Family Trust"
                    },
                    {
                        "LAYER1": "MANIBHARATHI",
                        "FIND": "Morton Investment Trust"
                    },
                    {
                        "LAYER1": "MANIBHARATHI",
                        "FIND": "Email Handling, Report preparation "
                    },
                    {
                        "LAYER1": "MANIBHARATHI",
                        "FIND": "Lajan Investments Pty Ltd"
                    },
                    {
                        "LAYER1": "MANIBHARATHI",
                        "FIND": "10477 - Arthurmac Private Pty Ltd"
                    },
                    {
                        "LAYER1": "MANIBHARATHI",
                        "FIND": "Andrew Morton"
                    },
                    {
                        "LAYER1": "MANIBHARATHI",
                        "FIND": "The Long Weekend Pty Ltd"
                    },
                    {
                        "LAYER1": "MANIBHARATHI",
                        "FIND": "JAL Pty Ltd"
                    },
                    {
                        "LAYER1": "MANIBHARATHI",
                        "FIND": "Audiencey Pty Ltd"
                    },
                    {
                        "LAYER1": "MANIBHARATHI",
                        "FIND": "Dr AJP Morton"
                    },
                    {
                        "LAYER1": "MANIBHARATHI",
                        "FIND": "Sequel Communication Pty Ltd"
                    },
                    {
                        "LAYER1": "MANIBHARATHI",
                        "FIND": "Paul Vasey "
                    },
                    {
                        "LAYER1": "MANIBHARATHI",
                        "FIND": "Montaze Broze Pty Ltd"
                    }
                ]
            },
            {
                "LAYERx2": [
                    {
                        "LAYER2": "FSP",
                        "FIND": "MANIBHARATHI"
                    },
                    {
                        "LAYER2": "FSP",
                        "FIND": "MANIBHARATHI"
                    },
                    {
                        "LAYER2": "FSP",
                        "FIND": "MANIBHARATHI"
                    },
                    {
                        "LAYER2": "FSP",
                        "FIND": "MANIBHARATHI"
                    },
                    {
                        "LAYER2": "FSP",
                        "FIND": "MANIBHARATHI"
                    },
                    {
                        "LAYER2": "FSP",
                        "FIND": "MANIBHARATHI"
                    },
                    {
                        "LAYER2": "ITR",
                        "FIND": "MANIBHARATHI"
                    },
                    {
                        "LAYER2": "ITR",
                        "FIND": "MANIBHARATHI"
                    },
                    {
                        "LAYER2": "Adhoc",
                        "FIND": "MANIBHARATHI"
                    },
                    {
                        "LAYER2": "Adhoc",
                        "FIND": "MANIBHARATHI"
                    },
                    {
                        "LAYER2": "Adhoc",
                        "FIND": "MANIBHARATHI"
                    },
                    {
                        "LAYER2": "Adhoc",
                        "FIND": "MANIBHARATHI"
                    },
                    {
                        "LAYER2": "Adhoc",
                        "FIND": "MANIBHARATHI"
                    }
                ]
            },
            {
                "LAYERx3": [
                    {
                        "LAYER3": "Planning Meeting",
                        "FIND": "FSP",
                        "FINDM": "MANIBHARATHI"
                    },
                    {
                        "LAYER3": "Stage 1 Process",
                        "FIND": "FSP",
                        "FINDM": "MANIBHARATHI"
                    },
                    {
                        "LAYER3": "Stage 1 Review",
                        "FIND": "FSP",
                        "FINDM": "MANIBHARATHI"
                    },
                    {
                        "LAYER3": "Stage 2 Process",
                        "FIND": "FSP",
                        "FINDM": "MANIBHARATHI"
                    },
                    {
                        "LAYER3": "Stage 2 Reivew",
                        "FIND": "FSP",
                        "FINDM": "MANIBHARATHI"
                    },
                    {
                        "LAYER3": "Fixing Client Review points",
                        "FIND": "FSP",
                        "FINDM": "MANIBHARATHI"
                    },
                    {
                        "LAYER3": "Processing ITR",
                        "FIND": "ITR",
                        "FINDM": "MANIBHARATHI"
                    },
                    {
                        "LAYER3": "Review ITR",
                        "FIND": "ITR",
                        "FINDM": "MANIBHARATHI"
                    },
                    {
                        "LAYER3": "Roll Over Project",
                        "FIND": "Adhoc",
                        "FINDM": "MANIBHARATHI"
                    },
                    {
                        "LAYER3": "APS Prefill Project",
                        "FIND": "Adhoc",
                        "FINDM": "MANIBHARATHI"
                    },
                    {
                        "LAYER3": "Distribution Mins ",
                        "FIND": "Adhoc",
                        "FINDM": "MANIBHARATHI"
                    },
                    {
                        "LAYER3": "Signoff Project",
                        "FIND": "Adhoc",
                        "FINDM": "MANIBHARATHI"
                    },
                    {
                        "LAYER3": "Adhoc",
                        "FIND": "Adhoc",
                        "FINDM": "MANIBHARATHI"
                    }
                ]
            },
            {
                "LAYERx4": []
            },
            {
                "LAYERx5": []
            },
            {
                "LAYERx6": []
            },
            {
                "LAYERx7": []
            },
            {
                "LAYERx8": []
            }
        ]
    },
    {
        "SUTinfo": [
            {
                "Planning Meeting": "00:00:00"
            },
            {
                "Stage 1 Process": "00:00:00"
            },
            {
                "Stage 1 Review": "00:00:00"
            },
            {
                "Stage 2 Process": "00:00:00"
            },
            {
                "Stage 2 Reivew": "00:00:00"
            },
            {
                "Fixing Client Review points": "00:00:00"
            },
            {
                "Processing ITR": "00:00:00"
            },
            {
                "Review ITR": "00:00:00"
            },
            {
                "Roll Over Project": "00:00:00"
            },
            {
                "APS Prefill Project": "00:00:00"
            },
            {
                "Distribution Mins ": "00:00:00"
            },
            {
                "Signoff Project": "00:00:00"
            },
            {
                "Adhoc": "00:00:00"
            }
        ]
    }
]