[
    {
        "configure": {
            "Team": "PP CORPORATE AFFAIRS",
            "NOCol": "4"
        }
    },
    {
        "LAYER": [
            {
                "LAYERx1": [
                    {
                        "LAYER1": "COMPANY ANNUAL STATEMENT",
                        "FIND": "null"
                    },
                    {
                        "LAYER1": "PP-CORPORATE AFFAIRS",
                        "FIND": "null"
                    },
                    {
                        "LAYER1": "PP-CORPORATE AFFAIRS",
                        "FIND": "null"
                    },
                    {
                        "LAYER1": "PP-CORPORATE AFFAIRS",
                        "FIND": "null"
                    },
                    {
                        "LAYER1": "PP-CORPORATE AFFAIRS",
                        "FIND": "null"
                    },
                    {
                        "LAYER1": "PP-CORPORATE AFFAIRS",
                        "FIND": "null"
                    },
                    {
                        "LAYER1": "PP-CORPORATE AFFAIRS",
                        "FIND": "null"
                    },
                    {
                        "LAYER1": "PP-CORPORATE AFFAIRS",
                        "FIND": "null"
                    },
                    {
                        "LAYER1": "PP-CORPORATE AFFAIRS",
                        "FIND": "null"
                    },
                    {
                        "LAYER1": "MANIBHARATHI",
                        "FIND": "null"
                    },
                    {
                        "LAYER1": "MANIBHARATHI",
                        "FIND": "PP-CORPORATE AFFAIRS"
                    },
                    {
                        "LAYER1": "MANIBHARATHI",
                        "FIND": "PP - CORPORATE AFFAIRS - SYD"
                    },
                    {
                        "LAYER1": "PP-CORPORATE AFFAIRS",
                        "FIND": "null"
                    }
                ]
            },
            {
                "LAYERx2": [
                    {
                        "LAYER2": "AUG-22",
                        "FIND": "COMPANY ANNUAL STATEMENT"
                    },
                    {
                        "LAYER2": "PP CORE ACTIVITY",
                        "FIND": "PP-CORPORATE AFFAIRS"
                    },
                    {
                        "LAYER2": "PP CORE ACTIVITY",
                        "FIND": "PP-CORPORATE AFFAIRS"
                    },
                    {
                        "LAYER2": "PP CORE ACTIVITY",
                        "FIND": "PP-CORPORATE AFFAIRS"
                    },
                    {
                        "LAYER2": "PP CORE ACTIVITY",
                        "FIND": "PP-CORPORATE AFFAIRS"
                    },
                    {
                        "LAYER2": "PP CORE ACTIVITY",
                        "FIND": "PP-CORPORATE AFFAIRS"
                    },
                    {
                        "LAYER2": "ADMIN WORK",
                        "FIND": "PP-CORPORATE AFFAIRS"
                    },
                    {
                        "LAYER2": "CROSS TRAINING",
                        "FIND": "PP-CORPORATE AFFAIRS"
                    },
                    {
                        "LAYER2": "OTHER TEAM WORK",
                        "FIND": "PP-CORPORATE AFFAIRS"
                    },
                    {
                        "LAYER2": "PP CORE ACTIVITY",
                        "FIND": "PP-CORPORATE AFFAIRS"
                    }
                ]
            },
            {
                "LAYERx3": [
                    {
                        "LAYER3": "ACTIVE CORPORATE AFFAIRS PROJECTS",
                        "FIND": "AUG-22",
                        "FINDM": "COMPANY ANNUAL STATEMENT"
                    },
                    {
                        "LAYER3": "DIN UPDATION",
                        "FIND": "PP CORE ACTIVITY",
                        "FINDM": "PP-CORPORATE AFFAIRS"
                    },
                    {
                        "LAYER3": "AFS PACKAGE PREPARATION",
                        "FIND": "PP CORE ACTIVITY",
                        "FINDM": "PP-CORPORATE AFFAIRS"
                    },
                    {
                        "LAYER3": "POST INCORPORATION DOCUMENTS PREPARATION",
                        "FIND": "PP CORE ACTIVITY",
                        "FINDM": "PP-CORPORATE AFFAIRS"
                    },
                    {
                        "LAYER3": "PP - YEC CORE ACTIVITY",
                        "FIND": "PP CORE ACTIVITY",
                        "FINDM": "PP-CORPORATE AFFAIRS"
                    },
                    {
                        "LAYER3": "REVIEW",
                        "FIND": "PP CORE ACTIVITY",
                        "FINDM": "PP-CORPORATE AFFAIRS"
                    },
                    {
                        "LAYER3": "ADMIN WORK",
                        "FIND": "ADMIN WORK",
                        "FINDM": "PP-CORPORATE AFFAIRS"
                    },
                    {
                        "LAYER3": "CROSS TRAINING",
                        "FIND": "CROSS TRAINING",
                        "FINDM": "PP-CORPORATE AFFAIRS"
                    },
                    {
                        "LAYER3": "OTHER CLIENTS CORE ACTIVITY",
                        "FIND": "OTHER TEAM WORK",
                        "FINDM": "PP-CORPORATE AFFAIRS"
                    },
                    {
                        "LAYER3": "Engagement Letter",
                        "FIND": "PP CORE ACTIVITY",
                        "FINDM": "PP-CORPORATE AFFAIRS"
                    }
                ]
            },
            {
                "LAYERx4": []
            },
            {
                "LAYERx5": []
            },
            {
                "LAYERx6": []
            },
            {
                "LAYERx7": []
            },
            {
                "LAYERx8": []
            }
        ]
    },
    {
        "SUTinfo": [
            {
                "ACTIVE CORPORATE AFFAIRS PROJECTS": "00:00:00"
            },
            {
                "DIN UPDATION": "00:00:00"
            },
            {
                "AFS PACKAGE PREPARATION": "00:00:00"
            },
            {
                "POST INCORPORATION DOCUMENTS PREPARATION": "00:00:00"
            },
            {
                "PP - YEC CORE ACTIVITY": "00:00:00"
            },
            {
                "REVIEW": "00:00:00"
            },
            {
                "ADMIN WORK": "00:00:00"
            },
            {
                "CROSS TRAINING": "00:00:00"
            },
            {
                "OTHER CLIENTS CORE ACTIVITY": "00:00:00"
            },
            {
                "Engagement Letter": "00:00:00"
            }
        ]
    }
]