[
    {
        "configure": {
            "Team": "PP PARTNERS",
            "NOCol": "4"
        }
    },
    {
        "LAYER": [
            {
                "LAYERx1": [
                    {
                        "LAYER1": "MANIBHARATHI",
                        "FIND": "Test1"
                    },
                    {
                        "LAYER1": "MANIBHARATHI",
                        "FIND": "Test1"
                    },
                    {
                        "LAYER1": "MANIBHARATHI",
                        "FIND": "Test1"
                    },
                    {
                        "LAYER1": "MANIBHARATHI",
                        "FIND": "Test1"
                    },
                    {
                        "LAYER1": "MANIBHARATHI",
                        "FIND": "Test1"
                    },
                    {
                        "LAYER1": "MANIBHARATHI",
                        "FIND": "Test1"
                    },
                    {
                        "LAYER1": "MANIBHARATHI",
                        "FIND": "Test1"
                    },
                    {
                        "LAYER1": "MANIBHARATHI",
                        "FIND": "Test1"
                    },
                    {
                        "LAYER1": "MANIBHARATHI",
                        "FIND": "Test1"
                    },
                    {
                        "LAYER1": "MANIBHARATHI",
                        "FIND": "Test1"
                    },
                    {
                        "LAYER1": "MANIBHARATHI",
                        "FIND": "Test1"
                    },
                    {
                        "LAYER1": "MANIBHARATHI",
                        "FIND": "Test1"
                    },
                    {
                        "LAYER1": "MANIBHARATHI",
                        "FIND": "Test1"
                    },
                    {
                        "LAYER1": "MANIBHARATHI",
                        "FIND": "Test1"
                    },
                    {
                        "LAYER1": "MANIBHARATHI",
                        "FIND": "Dawes"
                    },
                    {
                        "LAYER1": "MANIBHARATHI",
                        "FIND": "R G PITCHER FAMILY TRUST"
                    },
                    {
                        "LAYER1": "MANIBHARATHI",
                        "FIND": "R G PITCHER FAMILY TRUST"
                    },
                    {
                        "LAYER1": "MANIBHARATHI",
                        "FIND": "R G PITCHER FAMILY TRUST"
                    },
                    {
                        "LAYER1": "MANIBHARATHI",
                        "FIND": "EKP Investments Pty Ltd"
                    },
                    {
                        "LAYER1": "MANIBHARATHI",
                        "FIND": "Burilla Pty Ltd"
                    },
                    {
                        "LAYER1": "MANIBHARATHI",
                        "FIND": "Bedford Group"
                    },
                    {
                        "LAYER1": "MANIBHARATHI",
                        "FIND": "RKP Trust"
                    },
                    {
                        "LAYER1": "MANIBHARATHI",
                        "FIND": "D'abaco Group"
                    },
                    {
                        "LAYER1": "MANIBHARATHI",
                        "FIND": "\u2022\tMarisa Bergamin Family trust"
                    },
                    {
                        "LAYER1": "MANIBHARATHI",
                        "FIND": "Marisa Bergamin Family trust"
                    },
                    {
                        "LAYER1": "MANIBHARATHI",
                        "FIND": "Jacqueline D Abaco\tJacqueline D Abaco"
                    },
                    {
                        "LAYER1": "MANIBHARATHI",
                        "FIND": "Elise D\u2019Abaco"
                    },
                    {
                        "LAYER1": "MANIBHARATHI",
                        "FIND": "Ronald Pitcher"
                    },
                    {
                        "LAYER1": "MANIBHARATHI",
                        "FIND": "Kay Pitcher"
                    },
                    {
                        "LAYER1": "MANIBHARATHI",
                        "FIND": "Jacqueline D Abaco"
                    },
                    {
                        "LAYER1": "MANIBHARATHI",
                        "FIND": "V&M D'Abaco Family Trust"
                    },
                    {
                        "LAYER1": "MANIBHARATHI",
                        "FIND": "The Second Paterson Practice Trust"
                    },
                    {
                        "LAYER1": "MANIBHARATHI",
                        "FIND": "Blakshi Group"
                    },
                    {
                        "LAYER1": "MANIBHARATHI",
                        "FIND": "Bedford Family Trust"
                    },
                    {
                        "LAYER1": "MANIBHARATHI",
                        "FIND": "David Bedford"
                    },
                    {
                        "LAYER1": "MANIBHARATHI",
                        "FIND": "Thelzolu Trust "
                    },
                    {
                        "LAYER1": "MANIBHARATHI",
                        "FIND": "10072 - Leibjeremy Pty Ltd"
                    },
                    {
                        "LAYER1": "MANIBHARATHI",
                        "FIND": "10080 - Larissa Tayles"
                    },
                    {
                        "LAYER1": "MANIBHARATHI",
                        "FIND": "sakell Group"
                    },
                    {
                        "LAYER1": "MANIBHARATHI",
                        "FIND": "Dawes"
                    },
                    {
                        "LAYER1": "MANIBHARATHI",
                        "FIND": "JDC FAMILY TRUST"
                    },
                    {
                        "LAYER1": "MANIBHARATHI",
                        "FIND": "The F & T Russo Family Trust"
                    },
                    {
                        "LAYER1": "MANIBHARATHI",
                        "FIND": "sakell Group"
                    },
                    {
                        "LAYER1": "MANIBHARATHI",
                        "FIND": "Adam Stanley Group"
                    },
                    {
                        "LAYER1": "MANIBHARATHI",
                        "FIND": "Noriskin Group"
                    },
                    {
                        "LAYER1": "MANIBHARATHI",
                        "FIND": "The Olivistion Trust"
                    },
                    {
                        "LAYER1": "MANIBHARATHI",
                        "FIND": "Ciron Pty Ltd"
                    },
                    {
                        "LAYER1": "MANIBHARATHI",
                        "FIND": "Adam Stanley Group"
                    },
                    {
                        "LAYER1": "MANIBHARATHI",
                        "FIND": "Frank Russo"
                    },
                    {
                        "LAYER1": "MANIBHARATHI",
                        "FIND": "Lapthorne Group "
                    },
                    {
                        "LAYER1": "MANIBHARATHI",
                        "FIND": "Adam Stanley"
                    },
                    {
                        "LAYER1": "MANIBHARATHI",
                        "FIND": "Gavin Debono"
                    },
                    {
                        "LAYER1": "MANIBHARATHI",
                        "FIND": "Tricia Byrnes Barrister Practice"
                    },
                    {
                        "LAYER1": "MANIBHARATHI",
                        "FIND": "Hurley Vineyard"
                    },
                    {
                        "LAYER1": "MANIBHARATHI",
                        "FIND": "Byrnes Tricia"
                    },
                    {
                        "LAYER1": "MANIBHARATHI",
                        "FIND": "Beaumont Group"
                    },
                    {
                        "LAYER1": "MANIBHARATHI",
                        "FIND": "CULL, Innis Group"
                    },
                    {
                        "LAYER1": "MANIBHARATHI",
                        "FIND": "Lasanald Trust"
                    },
                    {
                        "LAYER1": "MANIBHARATHI",
                        "FIND": "Lethborg Group"
                    },
                    {
                        "LAYER1": "MANIBHARATHI",
                        "FIND": "Dall Group"
                    },
                    {
                        "LAYER1": "MANIBHARATHI",
                        "FIND": "Investere Finance Trust"
                    },
                    {
                        "LAYER1": "MANIBHARATHI",
                        "FIND": "Mahaza Trust - 2022"
                    },
                    {
                        "LAYER1": "MANIBHARATHI",
                        "FIND": "Ben Lethborg"
                    },
                    {
                        "LAYER1": "MANIBHARATHI",
                        "FIND": "Mahaza Blue Pty Ltd"
                    },
                    {
                        "LAYER1": "MANIBHARATHI",
                        "FIND": "Mahaza Red Pty Ltd"
                    },
                    {
                        "LAYER1": "MANIBHARATHI",
                        "FIND": "Girwan Holdings Pty Ltd"
                    },
                    {
                        "LAYER1": "MANIBHARATHI",
                        "FIND": "Britten Group"
                    },
                    {
                        "LAYER1": "MANIBHARATHI",
                        "FIND": "DOHERTY, Daniel Robert Group"
                    },
                    {
                        "LAYER1": "MANIBHARATHI",
                        "FIND": "Melanie Dawes Tax Return"
                    },
                    {
                        "LAYER1": "MANIBHARATHI",
                        "FIND": "From Where You'd Rather Be Pty Ltd"
                    },
                    {
                        "LAYER1": "MANIBHARATHI",
                        "FIND": "Nielsen Group"
                    },
                    {
                        "LAYER1": "MANIBHARATHI",
                        "FIND": "DAVGAB UNIT TRUST"
                    },
                    {
                        "LAYER1": "MANIBHARATHI",
                        "FIND": "10348 - Myles Alexander Grindal TT"
                    },
                    {
                        "LAYER1": "MANIBHARATHI",
                        "FIND": "The Dawes Family Trust"
                    },
                    {
                        "LAYER1": "MANIBHARATHI",
                        "FIND": "Devon Prop Trust 2022"
                    },
                    {
                        "LAYER1": "MANIBHARATHI",
                        "FIND": "ashley Group"
                    },
                    {
                        "LAYER1": "MANIBHARATHI",
                        "FIND": "Ashley Davidson Testamentary Trust - 2022 Trust"
                    },
                    {
                        "LAYER1": "MANIBHARATHI",
                        "FIND": "neilson Group"
                    },
                    {
                        "LAYER1": "MANIBHARATHI",
                        "FIND": "Talaja J Davidson"
                    },
                    {
                        "LAYER1": "MANIBHARATHI",
                        "FIND": "NIELSEN, Gregory Group"
                    },
                    {
                        "LAYER1": "MANIBHARATHI",
                        "FIND": "Kye A Davidson"
                    },
                    {
                        "LAYER1": "MANIBHARATHI",
                        "FIND": "Home By Jacinta Pty Ltd"
                    },
                    {
                        "LAYER1": "MANIBHARATHI",
                        "FIND": "The Britten PP Trust"
                    },
                    {
                        "LAYER1": "MANIBHARATHI",
                        "FIND": "Whitchurch Investment Trust"
                    },
                    {
                        "LAYER1": "MANIBHARATHI",
                        "FIND": "Whitbenco Pty Ltd"
                    },
                    {
                        "LAYER1": "MANIBHARATHI",
                        "FIND": "WHITCHURCH, Stephen D"
                    },
                    {
                        "LAYER1": "MANIBHARATHI",
                        "FIND": "Four Eyes No.2 Pty Ltd"
                    },
                    {
                        "LAYER1": "MANIBHARATHI",
                        "FIND": "Four Eyes No.2 Pty Ltd"
                    },
                    {
                        "LAYER1": "MANIBHARATHI",
                        "FIND": "-\tThe Golden Square Investments Trust"
                    },
                    {
                        "LAYER1": "MANIBHARATHI",
                        "FIND": "The Golden Square Investments Trust"
                    },
                    {
                        "LAYER1": "MANIBHARATHI",
                        "FIND": "-\tThe Belinda Avenue Trust"
                    },
                    {
                        "LAYER1": "MANIBHARATHI",
                        "FIND": "Davidson Group"
                    },
                    {
                        "LAYER1": "MANIBHARATHI",
                        "FIND": "Clerici Group"
                    },
                    {
                        "LAYER1": "MANIBHARATHI",
                        "FIND": "Mark Harrison "
                    },
                    {
                        "LAYER1": "MANIBHARATHI",
                        "FIND": "Nielsen Family Trust - 2022"
                    },
                    {
                        "LAYER1": "MANIBHARATHI",
                        "FIND": "Lisa Redfern"
                    },
                    {
                        "LAYER1": "MANIBHARATHI",
                        "FIND": "\u2022\t128 Church St Joint Venture"
                    },
                    {
                        "LAYER1": "MANIBHARATHI",
                        "FIND": "\u2022\tAces Corporate No.2 Pty Ltd"
                    },
                    {
                        "LAYER1": "MANIBHARATHI",
                        "FIND": "Ashley Davidson Group"
                    },
                    {
                        "LAYER1": "MANIBHARATHI",
                        "FIND": "Laxo Trust "
                    },
                    {
                        "LAYER1": "MANIBHARATHI",
                        "FIND": "Clugston Family Trust - 2022"
                    },
                    {
                        "LAYER1": "MANIBHARATHI",
                        "FIND": "Honey Chang Family Trust"
                    },
                    {
                        "LAYER1": "MANIBHARATHI",
                        "FIND": "Laxo Trust 2022"
                    },
                    {
                        "LAYER1": "MANIBHARATHI",
                        "FIND": "O\u2019Carroll Group"
                    },
                    {
                        "LAYER1": "MANIBHARATHI",
                        "FIND": "The Carroll Family Trust - - 2022"
                    },
                    {
                        "LAYER1": "MANIBHARATHI",
                        "FIND": "Oliver Distribution Pty Ltd 2022 "
                    },
                    {
                        "LAYER1": "MANIBHARATHI",
                        "FIND": "JDC Family Trust 2022"
                    },
                    {
                        "LAYER1": "MANIBHARATHI",
                        "FIND": "JDC Investment Trust 2022"
                    },
                    {
                        "LAYER1": "MANIBHARATHI",
                        "FIND": "JDC CORP PTY LTD"
                    },
                    {
                        "LAYER1": "MANIBHARATHI",
                        "FIND": "Farrelly Family Trust 2022"
                    },
                    {
                        "LAYER1": "MANIBHARATHI",
                        "FIND": "Ka Mate Holdings Pty Ltd"
                    },
                    {
                        "LAYER1": "MANIBHARATHI",
                        "FIND": "Stormont Capital Pty Ltd - 2022"
                    },
                    {
                        "LAYER1": "MANIBHARATHI",
                        "FIND": "Katherine McKenna"
                    },
                    {
                        "LAYER1": "MANIBHARATHI",
                        "FIND": "The Knowles Family Trust  1"
                    },
                    {
                        "LAYER1": "MANIBHARATHI",
                        "FIND": "KNOWLES, David Group "
                    },
                    {
                        "LAYER1": "MANIBHARATHI",
                        "FIND": " TheKnowles Family Trust  2"
                    },
                    {
                        "LAYER1": "MANIBHARATHI",
                        "FIND": "Honey Chang Property Trust"
                    },
                    {
                        "LAYER1": "MANIBHARATHI",
                        "FIND": "clugston Group "
                    },
                    {
                        "LAYER1": "MANIBHARATHI",
                        "FIND": "10501 - Victor Fayard Family Trust"
                    },
                    {
                        "LAYER1": "MANIBHARATHI",
                        "FIND": "10502 - Kilara Growth Fund LP"
                    },
                    {
                        "LAYER1": "MANIBHARATHI",
                        "FIND": "2.\tThe Second Pitcher Trust"
                    },
                    {
                        "LAYER1": "MANIBHARATHI",
                        "FIND": "The Hyrule Investment Trust"
                    },
                    {
                        "LAYER1": "MANIBHARATHI",
                        "FIND": "\u2022\tAces Family Trust No.2"
                    },
                    {
                        "LAYER1": "MANIBHARATHI",
                        "FIND": "Aces Family Trust No.2-"
                    },
                    {
                        "LAYER1": "MANIBHARATHI",
                        "FIND": "JezaBull Pty Ltd 2022"
                    },
                    {
                        "LAYER1": "MANIBHARATHI",
                        "FIND": "Honey Chang Family Trust 2022"
                    },
                    {
                        "LAYER1": "MANIBHARATHI",
                        "FIND": "Honey Investment Trust - 2022"
                    },
                    {
                        "LAYER1": "MANIBHARATHI",
                        "FIND": "Honey Chang Corporate Pty Ltd 2022"
                    },
                    {
                        "LAYER1": "MANIBHARATHI",
                        "FIND": "The Eaglesonego Family Trust 2022"
                    },
                    {
                        "LAYER1": "MANIBHARATHI",
                        "FIND": "Honey Family Trust - 2022"
                    },
                    {
                        "LAYER1": "MANIBHARATHI",
                        "FIND": "The Oswald Trust - 2022"
                    },
                    {
                        "LAYER1": "MANIBHARATHI",
                        "FIND": "The Lasanald Trust - 2022"
                    },
                    {
                        "LAYER1": "MANIBHARATHI",
                        "FIND": "The Oswald Trust"
                    },
                    {
                        "LAYER1": "MANIBHARATHI",
                        "FIND": "Logwood Finance Pty Ltd  - 20222"
                    },
                    {
                        "LAYER1": "MANIBHARATHI",
                        "FIND": "Andrew Yeo"
                    },
                    {
                        "LAYER1": "MANIBHARATHI",
                        "FIND": "Partwho Pty Ltd - 2022 "
                    },
                    {
                        "LAYER1": "MANIBHARATHI",
                        "FIND": "Campbell Yeo"
                    },
                    {
                        "LAYER1": "MANIBHARATHI",
                        "FIND": "Jack Yeo"
                    },
                    {
                        "LAYER1": "MANIBHARATHI",
                        "FIND": "Trevor Davidson "
                    },
                    {
                        "LAYER1": "MANIBHARATHI",
                        "FIND": "Elizabeth Davidson"
                    },
                    {
                        "LAYER1": "MANIBHARATHI",
                        "FIND": "Mark Davidson"
                    },
                    {
                        "LAYER1": "MANIBHARATHI",
                        "FIND": "Stacey Davidson"
                    },
                    {
                        "LAYER1": "MANIBHARATHI",
                        "FIND": "April Davidson"
                    },
                    {
                        "LAYER1": "MANIBHARATHI",
                        "FIND": "James Davidson"
                    },
                    {
                        "LAYER1": "MANIBHARATHI",
                        "FIND": "Brian Farrelly -2022"
                    },
                    {
                        "LAYER1": "MANIBHARATHI",
                        "FIND": "Denise Honey"
                    },
                    {
                        "LAYER1": "MANIBHARATHI",
                        "FIND": "Jessica Farrelly - 2022"
                    },
                    {
                        "LAYER1": "MANIBHARATHI",
                        "FIND": "Four Eyes No.2 Pty Ltd - 2022"
                    },
                    {
                        "LAYER1": "MANIBHARATHI",
                        "FIND": "Kakariko Trust"
                    },
                    {
                        "LAYER1": "MANIBHARATHI",
                        "FIND": "yina Tang"
                    },
                    {
                        "LAYER1": "MANIBHARATHI",
                        "FIND": "2.\tHoney Chang Corporate Pty Ltd  - 2022"
                    },
                    {
                        "LAYER1": "MANIBHARATHI",
                        "FIND": "Honey Chang Corporate Pty Ltd  - 2022"
                    },
                    {
                        "LAYER1": "MANIBHARATHI",
                        "FIND": "Stuart Dall"
                    },
                    {
                        "LAYER1": "MANIBHARATHI",
                        "FIND": "Stuart Dall - 2022"
                    },
                    {
                        "LAYER1": "MANIBHARATHI",
                        "FIND": "Honey Chang Property Trust - 2022"
                    },
                    {
                        "LAYER1": "MANIBHARATHI",
                        "FIND": "Honey Chang Property Trust - 2022"
                    },
                    {
                        "LAYER1": "MANIBHARATHI",
                        "FIND": "Investere Finance Trust - 2022"
                    },
                    {
                        "LAYER1": "MANIBHARATHI",
                        "FIND": "Hair Group"
                    },
                    {
                        "LAYER1": "MANIBHARATHI",
                        "FIND": "WHATMAN, Carlene Elizabeth"
                    },
                    {
                        "LAYER1": "MANIBHARATHI",
                        "FIND": "Craig D Whatman"
                    },
                    {
                        "LAYER1": "MANIBHARATHI",
                        "FIND": "G & K Debono Family Trust"
                    },
                    {
                        "LAYER1": "MANIBHARATHI",
                        "FIND": "Thelzolu Investments Trust - 2022"
                    },
                    {
                        "LAYER1": "MANIBHARATHI",
                        "FIND": "\u2022\tThe GKCS Holdings Trust"
                    },
                    {
                        "LAYER1": "MANIBHARATHI",
                        "FIND": "The GKCS Holdings Trust"
                    },
                    {
                        "LAYER1": "MANIBHARATHI",
                        "FIND": "The GKCS QLD Trust"
                    },
                    {
                        "LAYER1": "MANIBHARATHI",
                        "FIND": "\u2022\tGKCS Corporate Pty Ltd"
                    },
                    {
                        "LAYER1": "MANIBHARATHI",
                        "FIND": "GKCS Corporate Pty Ltd"
                    },
                    {
                        "LAYER1": "MANIBHARATHI",
                        "FIND": "\u2022\tGKCS Developer Pty Ltd"
                    },
                    {
                        "LAYER1": "MANIBHARATHI",
                        "FIND": "GKCS Developer Pty Ltd"
                    },
                    {
                        "LAYER1": "MANIBHARATHI",
                        "FIND": "Lukas Sakell - 2022"
                    },
                    {
                        "LAYER1": "MANIBHARATHI",
                        "FIND": "G & K Debono Family Trust,- 2022"
                    },
                    {
                        "LAYER1": "MANIBHARATHI",
                        "FIND": "GKCS Developer Pty Ltd"
                    },
                    {
                        "LAYER1": "MANIBHARATHI",
                        "FIND": "Such A  Time Clothing Trust "
                    },
                    {
                        "LAYER1": "MANIBHARATHI",
                        "FIND": "Patrick Rankin - 2022"
                    },
                    {
                        "LAYER1": "MANIBHARATHI",
                        "FIND": "Timothy Brazzale"
                    },
                    {
                        "LAYER1": "MANIBHARATHI",
                        "FIND": "The T J Britten Trust - 2022"
                    },
                    {
                        "LAYER1": "MANIBHARATHI",
                        "FIND": "Sean M Brazzale"
                    },
                    {
                        "LAYER1": "MANIBHARATHI",
                        "FIND": "Andrew N Brazzale"
                    },
                    {
                        "LAYER1": "MANIBHARATHI",
                        "FIND": "Lauren Maree Brazzale"
                    },
                    {
                        "LAYER1": "MANIBHARATHI",
                        "FIND": "Nina Brazzale"
                    },
                    {
                        "LAYER1": "MANIBHARATHI",
                        "FIND": "Bruno Brazzale"
                    },
                    {
                        "LAYER1": "MANIBHARATHI",
                        "FIND": " Brazzale Family Trust"
                    },
                    {
                        "LAYER1": "MANIBHARATHI",
                        "FIND": "BAT Beneficiaries Pty Ltd - 2022"
                    },
                    {
                        "LAYER1": "MANIBHARATHI",
                        "FIND": "Research Nominees Pty Ltd - 2022               "
                    }
                ]
            },
            {
                "LAYERx2": [
                    {
                        "LAYER2": "FSP",
                        "FIND": "MANIBHARATHI"
                    },
                    {
                        "LAYER2": "FSP",
                        "FIND": "MANIBHARATHI"
                    },
                    {
                        "LAYER2": "FSP",
                        "FIND": "MANIBHARATHI"
                    },
                    {
                        "LAYER2": "FSP",
                        "FIND": "MANIBHARATHI"
                    },
                    {
                        "LAYER2": "FSP",
                        "FIND": "MANIBHARATHI"
                    },
                    {
                        "LAYER2": "FSP",
                        "FIND": "MANIBHARATHI"
                    },
                    {
                        "LAYER2": "ITR",
                        "FIND": "MANIBHARATHI"
                    },
                    {
                        "LAYER2": "ITR",
                        "FIND": "MANIBHARATHI"
                    },
                    {
                        "LAYER2": "ITR",
                        "FIND": "MANIBHARATHI"
                    },
                    {
                        "LAYER2": "Adhoc",
                        "FIND": "MANIBHARATHI"
                    },
                    {
                        "LAYER2": "Adhoc",
                        "FIND": "MANIBHARATHI"
                    },
                    {
                        "LAYER2": "Adhoc",
                        "FIND": "MANIBHARATHI"
                    },
                    {
                        "LAYER2": "Adhoc",
                        "FIND": "MANIBHARATHI"
                    },
                    {
                        "LAYER2": "Adhoc",
                        "FIND": "MANIBHARATHI"
                    }
                ]
            },
            {
                "LAYERx3": [
                    {
                        "LAYER3": "Planning Meeting",
                        "FIND": "FSP",
                        "FINDM": "MANIBHARATHI"
                    },
                    {
                        "LAYER3": "Stage 1 Process",
                        "FIND": "FSP",
                        "FINDM": "MANIBHARATHI"
                    },
                    {
                        "LAYER3": "Stage 1 Review",
                        "FIND": "FSP",
                        "FINDM": "MANIBHARATHI"
                    },
                    {
                        "LAYER3": "Stage 2 Process",
                        "FIND": "FSP",
                        "FINDM": "MANIBHARATHI"
                    },
                    {
                        "LAYER3": "Stage 2 Reivew",
                        "FIND": "FSP",
                        "FINDM": "MANIBHARATHI"
                    },
                    {
                        "LAYER3": "Fixing Client Review points",
                        "FIND": "FSP",
                        "FINDM": "MANIBHARATHI"
                    },
                    {
                        "LAYER3": "Processing ITR",
                        "FIND": "ITR",
                        "FINDM": "MANIBHARATHI"
                    },
                    {
                        "LAYER3": "Review ITR",
                        "FIND": "ITR",
                        "FINDM": "MANIBHARATHI"
                    },
                    {
                        "LAYER3": "Fixing Client Review points",
                        "FIND": "ITR",
                        "FINDM": "MANIBHARATHI"
                    },
                    {
                        "LAYER3": "ATO Reports ",
                        "FIND": "Adhoc",
                        "FINDM": "MANIBHARATHI"
                    },
                    {
                        "LAYER3": "Distribution Mins ",
                        "FIND": "Adhoc",
                        "FINDM": "MANIBHARATHI"
                    },
                    {
                        "LAYER3": "Transmittal Letter",
                        "FIND": "Adhoc",
                        "FINDM": "MANIBHARATHI"
                    },
                    {
                        "LAYER3": "Roll Over Project",
                        "FIND": "Adhoc",
                        "FINDM": "MANIBHARATHI"
                    },
                    {
                        "LAYER3": "Group Structure",
                        "FIND": "Adhoc",
                        "FINDM": "MANIBHARATHI"
                    }
                ]
            },
            {
                "LAYERx4": []
            },
            {
                "LAYERx5": []
            },
            {
                "LAYERx6": []
            },
            {
                "LAYERx7": []
            },
            {
                "LAYERx8": []
            }
        ]
    },
    {
        "SUTinfo": [
            {
                "Planning Meeting": "00:00:00"
            },
            {
                "Stage 1 Process": "00:00:00"
            },
            {
                "Stage 1 Review": "00:00:00"
            },
            {
                "Stage 2 Process": "00:00:00"
            },
            {
                "Stage 2 Reivew": "00:00:00"
            },
            {
                "Fixing Client Review points": "00:00:00"
            },
            {
                "Processing ITR": "00:00:00"
            },
            {
                "Review ITR": "00:00:00"
            },
            {
                "Fixing Client Review points": "00:00:00"
            },
            {
                "ATO Reports ": "00:00:00"
            },
            {
                "Distribution Mins ": "00:00:00"
            },
            {
                "Transmittal Letter": "00:00:00"
            },
            {
                "Roll Over Project": "00:00:00"
            },
            {
                "Group Structure": "00:00:00"
            }
        ]
    }
]