[
    {
        "configure": {
            "Team": "RWG",
            "NOCol": "4"
        }
    },
    {
        "LAYER": [
            {
                "LAYERx1": [
                    {
                        "LAYER1": "14 DEGREE",
                        "FIND": "null"
                    },
                    {
                        "LAYER1": "ADMIN",
                        "FIND": "null"
                    },
                    {
                        "LAYER1": "ADMIN",
                        "FIND": "null"
                    },
                    {
                        "LAYER1": "ADMIN",
                        "FIND": "null"
                    },
                    {
                        "LAYER1": "ADMIN",
                        "FIND": "null"
                    },
                    {
                        "LAYER1": "MLG",
                        "FIND": "null"
                    },
                    {
                        "LAYER1": "RWG",
                        "FIND": "null"
                    },
                    {
                        "LAYER1": "RWG",
                        "FIND": "null"
                    },
                    {
                        "LAYER1": "RWG",
                        "FIND": "null"
                    },
                    {
                        "LAYER1": "RWG",
                        "FIND": "null"
                    },
                    {
                        "LAYER1": "RWG",
                        "FIND": "null"
                    },
                    {
                        "LAYER1": "RWG",
                        "FIND": "null"
                    },
                    {
                        "LAYER1": "RWG",
                        "FIND": "null"
                    },
                    {
                        "LAYER1": "XANADU",
                        "FIND": "null"
                    },
                    {
                        "LAYER1": "YS",
                        "FIND": "null"
                    }
                ]
            },
            {
                "LAYERx2": [
                    {
                        "LAYER2": "BOOKKEEPING",
                        "FIND": "14 DEGREE"
                    },
                    {
                        "LAYER2": "ADMIN",
                        "FIND": "ADMIN"
                    },
                    {
                        "LAYER2": "ADMIN",
                        "FIND": "ADMIN"
                    },
                    {
                        "LAYER2": "ADMIN",
                        "FIND": "ADMIN"
                    },
                    {
                        "LAYER2": "ADMIN",
                        "FIND": "ADMIN"
                    },
                    {
                        "LAYER2": "BOOKKEEPING",
                        "FIND": "MLG"
                    },
                    {
                        "LAYER2": "ACCOUNTS PAYABLE",
                        "FIND": "RWG"
                    },
                    {
                        "LAYER2": "ADMIN",
                        "FIND": "RWG"
                    },
                    {
                        "LAYER2": "BOOKKEEPING",
                        "FIND": "RWG"
                    },
                    {
                        "LAYER2": "BOOKKEEPING",
                        "FIND": "RWG"
                    },
                    {
                        "LAYER2": "BOOKKEEPING",
                        "FIND": "RWG"
                    },
                    {
                        "LAYER2": "BOOKKEEPING",
                        "FIND": "RWG"
                    },
                    {
                        "LAYER2": "BOOKKEEPING",
                        "FIND": "RWG"
                    },
                    {
                        "LAYER2": "BOOKKEEPING",
                        "FIND": "XANADU"
                    },
                    {
                        "LAYER2": "BOOKKEEPING",
                        "FIND": "YS"
                    }
                ]
            },
            {
                "LAYERx3": [
                    {
                        "LAYER3": "INPUT OF PURCHASE INVOICE(1)",
                        "FIND": "BOOKKEEPING",
                        "FINDM": "14 DEGREE"
                    },
                    {
                        "LAYER3": "CLIENT TRAINING(2)",
                        "FIND": "ADMIN",
                        "FINDM": "ADMIN"
                    },
                    {
                        "LAYER3": "Daily MIS(3)",
                        "FIND": "ADMIN",
                        "FINDM": "ADMIN"
                    },
                    {
                        "LAYER3": "NO JOB(4)",
                        "FIND": "ADMIN",
                        "FINDM": "ADMIN"
                    },
                    {
                        "LAYER3": "Reports(5)",
                        "FIND": "ADMIN",
                        "FINDM": "ADMIN"
                    },
                    {
                        "LAYER3": "INPUT OF PURCHASE INVOICE(6)",
                        "FIND": "BOOKKEEPING",
                        "FINDM": "MLG"
                    },
                    {
                        "LAYER3": "INVOICE PROCESSING(7)",
                        "FIND": "ACCOUNTS PAYABLE",
                        "FINDM": "RWG"
                    },
                    {
                        "LAYER3": "NO JOB(8)",
                        "FIND": "ADMIN",
                        "FINDM": "RWG"
                    },
                    {
                        "LAYER3": "CREDITORS RECONCILIATION(9)",
                        "FIND": "BOOKKEEPING",
                        "FINDM": "RWG"
                    },
                    {
                        "LAYER3": "FOLLOW-UP(10)",
                        "FIND": "BOOKKEEPING",
                        "FINDM": "RWG"
                    },
                    {
                        "LAYER3": "INPUT OF PURCHASE INVOICE(11)",
                        "FIND": "BOOKKEEPING",
                        "FINDM": "RWG"
                    },
                    {
                        "LAYER3": "INVOICE TRACKER(12)",
                        "FIND": "BOOKKEEPING",
                        "FINDM": "RWG"
                    },
                    {
                        "LAYER3": "QUERY/EMAIL HANDLING(13)",
                        "FIND": "BOOKKEEPING",
                        "FINDM": "RWG"
                    },
                    {
                        "LAYER3": "INPUT OF PURCHASE INVOICE(14)",
                        "FIND": "BOOKKEEPING",
                        "FINDM": "XANADU"
                    },
                    {
                        "LAYER3": "INPUT OF PURCHASE INVOICE(15)",
                        "FIND": "BOOKKEEPING",
                        "FINDM": "YS"
                    }
                ]
            },
            {
                "LAYERx4": []
            },
            {
                "LAYERx5": []
            },
            {
                "LAYERx6": []
            },
            {
                "LAYERx7": []
            },
            {
                "LAYERx8": []
            }
        ]
    },
    {
        "SUTinfo": [
            {
                "INPUT OF PURCHASE INVOICE(1)": "00:00:00"
            },
            {
                "CLIENT TRAINING(2)": "00:00:00"
            },
            {
                "Daily MIS(3)": "00:00:00"
            },
            {
                "NO JOB(4)": "00:00:00"
            },
            {
                "Reports(5)": "00:00:00"
            },
            {
                "INPUT OF PURCHASE INVOICE(6)": "00:00:00"
            },
            {
                "INVOICE PROCESSING(7)": "00:00:00"
            },
            {
                "NO JOB(8)": "00:00:00"
            },
            {
                "CREDITORS RECONCILIATION(9)": "00:00:00"
            },
            {
                "FOLLOW-UP(10)": "00:00:00"
            },
            {
                "INPUT OF PURCHASE INVOICE(11)": "00:00:00"
            },
            {
                "INVOICE TRACKER(12)": "00:00:00"
            },
            {
                "QUERY/EMAIL HANDLING(13)": "00:00:00"
            },
            {
                "INPUT OF PURCHASE INVOICE(14)": "00:00:00"
            },
            {
                "INPUT OF PURCHASE INVOICE(15)": "00:00:00"
            }
        ]
    }
]