[
    {
        "configure": {
            "Team": "SMSF ALLIANCE",
            "NOCol": "4"
        }
    },
    {
        "LAYER": [
            {
                "LAYERx1": [
                    {
                        "LAYER1": "OTHER TEAM WORK",
                        "FIND": "null"
                    },
                    {
                        "LAYER1": "SMSF ALLIANCE",
                        "FIND": "null"
                    },
                    {
                        "LAYER1": "SMSF ALLIANCE",
                        "FIND": "null"
                    },
                    {
                        "LAYER1": "SMSF ALLIANCE",
                        "FIND": "null"
                    },
                    {
                        "LAYER1": "SMSF ALLIANCE",
                        "FIND": "null"
                    },
                    {
                        "LAYER1": "SMSF ALLIANCE",
                        "FIND": "null"
                    },
                    {
                        "LAYER1": "SMSF ALLIANCE",
                        "FIND": "null"
                    },
                    {
                        "LAYER1": "SMSF ALLIANCE",
                        "FIND": "null"
                    },
                    {
                        "LAYER1": "SMSF ALLIANCE",
                        "FIND": "null"
                    },
                    {
                        "LAYER1": "SMSF ALLIANCE",
                        "FIND": "null"
                    },
                    {
                        "LAYER1": "SMSF ALLIANCE",
                        "FIND": "null"
                    },
                    {
                        "LAYER1": "SMSF ALLIANCE",
                        "FIND": "null"
                    },
                    {
                        "LAYER1": "SMSF ALLIANCE",
                        "FIND": "null"
                    },
                    {
                        "LAYER1": "SMSF ALLIANCE",
                        "FIND": "null"
                    },
                    {
                        "LAYER1": "SMSF ALLIANCE",
                        "FIND": "null"
                    }
                ]
            },
            {
                "LAYERx2": [
                    {
                        "LAYER2": "PROCESS",
                        "FIND": "OTHER TEAM WORK"
                    },
                    {
                        "LAYER2": "DATA FEED PROCESS",
                        "FIND": "SMSF ALLIANCE"
                    },
                    {
                        "LAYER2": "DATA FEED PROCESS",
                        "FIND": "SMSF ALLIANCE"
                    },
                    {
                        "LAYER2": "DATA FEED PROCESS",
                        "FIND": "SMSF ALLIANCE"
                    },
                    {
                        "LAYER2": "DATA FEED PROCESS",
                        "FIND": "SMSF ALLIANCE"
                    },
                    {
                        "LAYER2": "DATA FEED PROCESS",
                        "FIND": "SMSF ALLIANCE"
                    },
                    {
                        "LAYER2": "PROCESS",
                        "FIND": "SMSF ALLIANCE"
                    },
                    {
                        "LAYER2": "PROCESS",
                        "FIND": "SMSF ALLIANCE"
                    },
                    {
                        "LAYER2": "PROCESS",
                        "FIND": "SMSF ALLIANCE"
                    },
                    {
                        "LAYER2": "PROCESS",
                        "FIND": "SMSF ALLIANCE"
                    },
                    {
                        "LAYER2": "RENAME",
                        "FIND": "SMSF ALLIANCE"
                    },
                    {
                        "LAYER2": "RENAME",
                        "FIND": "SMSF ALLIANCE"
                    },
                    {
                        "LAYER2": "RENAME",
                        "FIND": "SMSF ALLIANCE"
                    },
                    {
                        "LAYER2": "RENAME",
                        "FIND": "SMSF ALLIANCE"
                    },
                    {
                        "LAYER2": "RENAME",
                        "FIND": "SMSF ALLIANCE"
                    }
                ]
            },
            {
                "LAYERx3": [
                    {
                        "LAYER3": "END TO END(1)",
                        "FIND": "PROCESS",
                        "FINDM": "OTHER TEAM WORK"
                    },
                    {
                        "LAYER3": "DATA WORK(2)",
                        "FIND": "DATA FEED PROCESS",
                        "FINDM": "SMSF ALLIANCE"
                    },
                    {
                        "LAYER3": "FEED REQUEST(3)",
                        "FIND": "DATA FEED PROCESS",
                        "FINDM": "SMSF ALLIANCE"
                    },
                    {
                        "LAYER3": "QUERY ACTION(4)",
                        "FIND": "DATA FEED PROCESS",
                        "FINDM": "SMSF ALLIANCE"
                    },
                    {
                        "LAYER3": "QUERY RAISED(5)",
                        "FIND": "DATA FEED PROCESS",
                        "FINDM": "SMSF ALLIANCE"
                    },
                    {
                        "LAYER3": "UNBALANCED CLEARING(6)",
                        "FIND": "DATA FEED PROCESS",
                        "FINDM": "SMSF ALLIANCE"
                    },
                    {
                        "LAYER3": "DAILY MATCHING(7)",
                        "FIND": "PROCESS",
                        "FINDM": "SMSF ALLIANCE"
                    },
                    {
                        "LAYER3": "DOCUMENT PROCESS(8)",
                        "FIND": "PROCESS",
                        "FINDM": "SMSF ALLIANCE"
                    },
                    {
                        "LAYER3": "QUERY POSTING(9)",
                        "FIND": "PROCESS",
                        "FINDM": "SMSF ALLIANCE"
                    },
                    {
                        "LAYER3": "QUERY RESPONSE(10)",
                        "FIND": "PROCESS",
                        "FINDM": "SMSF ALLIANCE"
                    },
                    {
                        "LAYER3": "QUERY POSTING(11)",
                        "FIND": "RENAME",
                        "FINDM": "SMSF ALLIANCE"
                    },
                    {
                        "LAYER3": "QUERY RESPONSE(12)",
                        "FIND": "RENAME",
                        "FINDM": "SMSF ALLIANCE"
                    },
                    {
                        "LAYER3": "QUERY RESPONSE COMPLETION(13)",
                        "FIND": "RENAME",
                        "FINDM": "SMSF ALLIANCE"
                    },
                    {
                        "LAYER3": "RENAMING(14)",
                        "FIND": "RENAME",
                        "FINDM": "SMSF ALLIANCE"
                    },
                    {
                        "LAYER3": "RENAMING QC(15)",
                        "FIND": "RENAME",
                        "FINDM": "SMSF ALLIANCE"
                    }
                ]
            },
            {
                "LAYERx4": []
            },
            {
                "LAYERx5": []
            },
            {
                "LAYERx6": []
            },
            {
                "LAYERx7": []
            },
            {
                "LAYERx8": []
            }
        ]
    },
    {
        "SUTinfo": [
            {
                "END TO END(1)": "00:00:00"
            },
            {
                "DATA WORK(2)": "00:00:00"
            },
            {
                "FEED REQUEST(3)": "00:00:00"
            },
            {
                "QUERY ACTION(4)": "00:00:00"
            },
            {
                "QUERY RAISED(5)": "00:00:00"
            },
            {
                "UNBALANCED CLEARING(6)": "00:00:00"
            },
            {
                "DAILY MATCHING(7)": "00:01:30"
            },
            {
                "DOCUMENT PROCESS(8)": "00:02:00"
            },
            {
                "QUERY POSTING(9)": "00:00:00"
            },
            {
                "QUERY RESPONSE(10)": "00:00:00"
            },
            {
                "QUERY POSTING(11)": "00:00:00"
            },
            {
                "QUERY RESPONSE(12)": "00:00:00"
            },
            {
                "QUERY RESPONSE COMPLETION(13)": "00:00:00"
            },
            {
                "RENAMING(14)": "00:01:00"
            },
            {
                "RENAMING QC(15)": "00:00:00"
            }
        ]
    }
]