[
    {
        "configure": {
            "Team": "VCFO BOOKKEEPING",
            "NOCol": "4"
        }
    },
    {
        "LAYER": [
            {
                "LAYERx1": [
                    {
                        "LAYER1": "MANIBHARATHI",
                        "FIND": "Test1"
                    },
                    {
                        "LAYER1": "MANIBHARATHI",
                        "FIND": "Test1"
                    },
                    {
                        "LAYER1": "MANIBHARATHI",
                        "FIND": "Test1"
                    },
                    {
                        "LAYER1": "MANIBHARATHI",
                        "FIND": "Test1"
                    },
                    {
                        "LAYER1": "MANIBHARATHI",
                        "FIND": "Test1"
                    },
                    {
                        "LAYER1": "MANIBHARATHI",
                        "FIND": "Test1"
                    },
                    {
                        "LAYER1": "MANIBHARATHI",
                        "FIND": "Test1"
                    },
                    {
                        "LAYER1": "MANIBHARATHI",
                        "FIND": "Test1"
                    },
                    {
                        "LAYER1": "MANIBHARATHI",
                        "FIND": "Test1"
                    },
                    {
                        "LAYER1": "MANIBHARATHI",
                        "FIND": "Test1"
                    },
                    {
                        "LAYER1": "MANIBHARATHI",
                        "FIND": "Test1"
                    },
                    {
                        "LAYER1": "MANIBHARATHI",
                        "FIND": "Test1"
                    },
                    {
                        "LAYER1": "MANIBHARATHI",
                        "FIND": "Test1"
                    },
                    {
                        "LAYER1": "MANIBHARATHI",
                        "FIND": "Test1"
                    },
                    {
                        "LAYER1": "MANIBHARATHI",
                        "FIND": "Test1"
                    },
                    {
                        "LAYER1": "MANIBHARATHI",
                        "FIND": "Test1"
                    },
                    {
                        "LAYER1": "MANIBHARATHI",
                        "FIND": "Test1"
                    },
                    {
                        "LAYER1": "MANIBHARATHI",
                        "FIND": "Test1"
                    },
                    {
                        "LAYER1": "MANIBHARATHI",
                        "FIND": "Test1"
                    },
                    {
                        "LAYER1": "MANIBHARATHI",
                        "FIND": "Test1"
                    },
                    {
                        "LAYER1": "MANIBHARATHI",
                        "FIND": "AO Air / O2 O2"
                    },
                    {
                        "LAYER1": "MANIBHARATHI",
                        "FIND": "Beer Hug"
                    },
                    {
                        "LAYER1": "MANIBHARATHI",
                        "FIND": "Calocurb Limited"
                    },
                    {
                        "LAYER1": "MANIBHARATHI",
                        "FIND": "Cetogenix Limited"
                    },
                    {
                        "LAYER1": "MANIBHARATHI",
                        "FIND": "Cumulo9 "
                    },
                    {
                        "LAYER1": "MANIBHARATHI",
                        "FIND": "Epic Beer"
                    },
                    {
                        "LAYER1": "MANIBHARATHI",
                        "FIND": "Helico Bio"
                    },
                    {
                        "LAYER1": "MANIBHARATHI",
                        "FIND": "Humble Bee Limited"
                    },
                    {
                        "LAYER1": "MANIBHARATHI",
                        "FIND": "Humble Bee Bio Pty Ltd"
                    },
                    {
                        "LAYER1": "MANIBHARATHI",
                        "FIND": "Insitugen"
                    },
                    {
                        "LAYER1": "MANIBHARATHI",
                        "FIND": "Lanaco "
                    },
                    {
                        "LAYER1": "MANIBHARATHI",
                        "FIND": "Let Us Assist Limited"
                    },
                    {
                        "LAYER1": "MANIBHARATHI",
                        "FIND": "Ligar Partnership"
                    },
                    {
                        "LAYER1": "MANIBHARATHI",
                        "FIND": "New Zealand Forest Farms Limited"
                    },
                    {
                        "LAYER1": "MANIBHARATHI",
                        "FIND": "Nodi Rugs"
                    },
                    {
                        "LAYER1": "MANIBHARATHI",
                        "FIND": "NZeno"
                    },
                    {
                        "LAYER1": "MANIBHARATHI",
                        "FIND": "Ora Pharm"
                    },
                    {
                        "LAYER1": "MANIBHARATHI",
                        "FIND": "Orbis Diagnostics "
                    },
                    {
                        "LAYER1": "MANIBHARATHI",
                        "FIND": "Pacific Channel Limited"
                    },
                    {
                        "LAYER1": "MANIBHARATHI",
                        "FIND": "Pacific Channel Cetogenix SPV LP"
                    },
                    {
                        "LAYER1": "MANIBHARATHI",
                        "FIND": "Pacific Channel Fund II"
                    },
                    {
                        "LAYER1": "MANIBHARATHI",
                        "FIND": "Pacific Channel Geo40 SPV"
                    },
                    {
                        "LAYER1": "MANIBHARATHI",
                        "FIND": "Pacific Channel Orbis SPV LP"
                    },
                    {
                        "LAYER1": "MANIBHARATHI",
                        "FIND": "Pacific Channel Quantifi Photonics SPV LP"
                    },
                    {
                        "LAYER1": "MANIBHARATHI",
                        "FIND": "Paz Aliments Limited"
                    },
                    {
                        "LAYER1": "MANIBHARATHI",
                        "FIND": "Provincia Property Fund"
                    },
                    {
                        "LAYER1": "MANIBHARATHI",
                        "FIND": "Provincia Property Fund Management"
                    },
                    {
                        "LAYER1": "MANIBHARATHI",
                        "FIND": "Purple Shirt "
                    },
                    {
                        "LAYER1": "MANIBHARATHI",
                        "FIND": "Robert Tapert"
                    },
                    {
                        "LAYER1": "MANIBHARATHI",
                        "FIND": "Sercombe & Matheson"
                    },
                    {
                        "LAYER1": "MANIBHARATHI",
                        "FIND": "ShipIT  (StarshipIT)"
                    },
                    {
                        "LAYER1": "MANIBHARATHI",
                        "FIND": "Softlink"
                    },
                    {
                        "LAYER1": "MANIBHARATHI",
                        "FIND": "Sustainable Mobility  (Zilch)"
                    },
                    {
                        "LAYER1": "MANIBHARATHI",
                        "FIND": "Synthase Biotech"
                    },
                    {
                        "LAYER1": "MANIBHARATHI",
                        "FIND": "Tamata Hauha Limited"
                    },
                    {
                        "LAYER1": "MANIBHARATHI",
                        "FIND": "The Insides Company "
                    },
                    {
                        "LAYER1": "MANIBHARATHI",
                        "FIND": "The Insides Company UK Limited"
                    },
                    {
                        "LAYER1": "MANIBHARATHI",
                        "FIND": " Kiwi Testing Consultancy India Private Limited"
                    },
                    {
                        "LAYER1": "MANIBHARATHI",
                        "FIND": "Mosaic Group Limited"
                    },
                    {
                        "LAYER1": "MANIBHARATHI",
                        "FIND": "TTC Australia"
                    },
                    {
                        "LAYER1": "MANIBHARATHI",
                        "FIND": "TTC Europe"
                    },
                    {
                        "LAYER1": "MANIBHARATHI",
                        "FIND": "TTC Limited (NZ)"
                    },
                    {
                        "LAYER1": "MANIBHARATHI",
                        "FIND": "TTC Swedish Filial"
                    },
                    {
                        "LAYER1": "MANIBHARATHI",
                        "FIND": " TTC Geneva Branch"
                    },
                    {
                        "LAYER1": "MANIBHARATHI",
                        "FIND": " TTC Pte"
                    },
                    {
                        "LAYER1": "MANIBHARATHI",
                        "FIND": "TTC US"
                    },
                    {
                        "LAYER1": "MANIBHARATHI",
                        "FIND": "Transactional AI"
                    },
                    {
                        "LAYER1": "MANIBHARATHI",
                        "FIND": "Vortex Power Systems"
                    },
                    {
                        "LAYER1": "MANIBHARATHI",
                        "FIND": "Zenno Astronautics Limited"
                    },
                    {
                        "LAYER1": "MANIBHARATHI",
                        "FIND": "Tectonus Limited"
                    },
                    {
                        "LAYER1": "MANIBHARATHI",
                        "FIND": "Lipoxagen Limited"
                    },
                    {
                        "LAYER1": "MANIBHARATHI",
                        "FIND": "Laingholm Research / Venka"
                    },
                    {
                        "LAYER1": "MANIBHARATHI",
                        "FIND": "Dewpoint Innovations Limited"
                    },
                    {
                        "LAYER1": "MANIBHARATHI",
                        "FIND": "Terax Innovation"
                    },
                    {
                        "LAYER1": "MANIBHARATHI",
                        "FIND": "Kitea Health"
                    },
                    {
                        "LAYER1": "MANIBHARATHI",
                        "FIND": "ADMIN"
                    },
                    {
                        "LAYER1": "MANIBHARATHI",
                        "FIND": "ADMIN"
                    },
                    {
                        "LAYER1": "MANIBHARATHI",
                        "FIND": "Vortex Power Systems"
                    },
                    {
                        "LAYER1": "MANIBHARATHI",
                        "FIND": "KINDA"
                    },
                    {
                        "LAYER1": "MANIBHARATHI",
                        "FIND": "NZeno"
                    },
                    {
                        "LAYER1": "MANIBHARATHI",
                        "FIND": "Lanaco "
                    },
                    {
                        "LAYER1": "MANIBHARATHI",
                        "FIND": "Cetogenix Limited"
                    },
                    {
                        "LAYER1": "MANIBHARATHI",
                        "FIND": "Beer Hug"
                    },
                    {
                        "LAYER1": "MANIBHARATHI",
                        "FIND": "Calocurb Limited"
                    },
                    {
                        "LAYER1": "MANIBHARATHI",
                        "FIND": "Dewpoint Innovations Pty Limited"
                    },
                    {
                        "LAYER1": "MANIBHARATHI",
                        "FIND": "Softlinksustai"
                    }
                ]
            },
            {
                "LAYERx2": [
                    {
                        "LAYER2": "Admin Work",
                        "FIND": "MANIBHARATHI"
                    },
                    {
                        "LAYER2": "Admin Work",
                        "FIND": "MANIBHARATHI"
                    },
                    {
                        "LAYER2": "Admin Work",
                        "FIND": "MANIBHARATHI"
                    },
                    {
                        "LAYER2": "Admin Work",
                        "FIND": "MANIBHARATHI"
                    },
                    {
                        "LAYER2": "Admin Work",
                        "FIND": "MANIBHARATHI"
                    },
                    {
                        "LAYER2": "Bookkeeping",
                        "FIND": "MANIBHARATHI"
                    },
                    {
                        "LAYER2": "Bookkeeping",
                        "FIND": "MANIBHARATHI"
                    },
                    {
                        "LAYER2": "Bookkeeping",
                        "FIND": "MANIBHARATHI"
                    },
                    {
                        "LAYER2": "Bookkeeping",
                        "FIND": "MANIBHARATHI"
                    },
                    {
                        "LAYER2": "Bookkeeping",
                        "FIND": "MANIBHARATHI"
                    },
                    {
                        "LAYER2": "Bookkeeping",
                        "FIND": "MANIBHARATHI"
                    },
                    {
                        "LAYER2": "Bookkeeping",
                        "FIND": "MANIBHARATHI"
                    },
                    {
                        "LAYER2": "Bookkeeping",
                        "FIND": "MANIBHARATHI"
                    },
                    {
                        "LAYER2": "Bookkeeping",
                        "FIND": "MANIBHARATHI"
                    },
                    {
                        "LAYER2": "Bookkeeping",
                        "FIND": "MANIBHARATHI"
                    },
                    {
                        "LAYER2": "Bookkeeping",
                        "FIND": "MANIBHARATHI"
                    },
                    {
                        "LAYER2": "Bookkeeping",
                        "FIND": "MANIBHARATHI"
                    },
                    {
                        "LAYER2": "Bookkeeping",
                        "FIND": "MANIBHARATHI"
                    },
                    {
                        "LAYER2": "Bookkeeping",
                        "FIND": "MANIBHARATHI"
                    },
                    {
                        "LAYER2": "Bookkeeping",
                        "FIND": "MANIBHARATHI"
                    }
                ]
            },
            {
                "LAYERx3": [
                    {
                        "LAYER3": "COE Study Time",
                        "FIND": "Admin Work",
                        "FINDM": "MANIBHARATHI"
                    },
                    {
                        "LAYER3": "Daily MIS",
                        "FIND": "Admin Work",
                        "FINDM": "MANIBHARATHI"
                    },
                    {
                        "LAYER3": "Emails",
                        "FIND": "Admin Work",
                        "FINDM": "MANIBHARATHI"
                    },
                    {
                        "LAYER3": "Internal Reports",
                        "FIND": "Admin Work",
                        "FINDM": "MANIBHARATHI"
                    },
                    {
                        "LAYER3": "Training",
                        "FIND": "Admin Work",
                        "FINDM": "MANIBHARATHI"
                    },
                    {
                        "LAYER3": "Balance Sheet Review",
                        "FIND": "Bookkeeping",
                        "FINDM": "MANIBHARATHI"
                    },
                    {
                        "LAYER3": "Balance Sheet Workpaper",
                        "FIND": "Bookkeeping",
                        "FINDM": "MANIBHARATHI"
                    },
                    {
                        "LAYER3": "Bank Reconciliation",
                        "FIND": "Bookkeeping",
                        "FINDM": "MANIBHARATHI"
                    },
                    {
                        "LAYER3": "Billing",
                        "FIND": "Bookkeeping",
                        "FINDM": "MANIBHARATHI"
                    },
                    {
                        "LAYER3": "Chart of Accounts",
                        "FIND": "Bookkeeping",
                        "FINDM": "MANIBHARATHI"
                    },
                    {
                        "LAYER3": "Contractor Payment Schedule-Let Us Assist",
                        "FIND": "Bookkeeping",
                        "FINDM": "MANIBHARATHI"
                    },
                    {
                        "LAYER3": "Customer Payment Schedule-Let Us Assist",
                        "FIND": "Bookkeeping",
                        "FINDM": "MANIBHARATHI"
                    },
                    {
                        "LAYER3": "Fixed Asset Register",
                        "FIND": "Bookkeeping",
                        "FINDM": "MANIBHARATHI"
                    },
                    {
                        "LAYER3": "Fixing Query reply",
                        "FIND": "Bookkeeping",
                        "FINDM": "MANIBHARATHI"
                    },
                    {
                        "LAYER3": "Invoice Processing",
                        "FIND": "Bookkeeping",
                        "FINDM": "MANIBHARATHI"
                    },
                    {
                        "LAYER3": "Journals Posting",
                        "FIND": "Bookkeeping",
                        "FINDM": "MANIBHARATHI"
                    },
                    {
                        "LAYER3": "Outlook Inbox Clearing",
                        "FIND": "Bookkeeping",
                        "FINDM": "MANIBHARATHI"
                    },
                    {
                        "LAYER3": "Payment Schedule",
                        "FIND": "Bookkeeping",
                        "FINDM": "MANIBHARATHI"
                    },
                    {
                        "LAYER3": "Query Drafting",
                        "FIND": "Bookkeeping",
                        "FINDM": "MANIBHARATHI"
                    },
                    {
                        "LAYER3": "Review Point Fixing",
                        "FIND": "Bookkeeping",
                        "FINDM": "MANIBHARATHI"
                    }
                ]
            },
            {
                "LAYERx4": []
            },
            {
                "LAYERx5": []
            },
            {
                "LAYERx6": []
            },
            {
                "LAYERx7": []
            },
            {
                "LAYERx8": []
            }
        ]
    },
    {
        "SUTinfo": [
            {
                "COE Study Time": "00:00:00"
            },
            {
                "Daily MIS": "00:00:00"
            },
            {
                "Emails": "00:00:00"
            },
            {
                "Internal Reports": "00:00:00"
            },
            {
                "Training": "00:00:00"
            },
            {
                "Balance Sheet Review": "00:00:00"
            },
            {
                "Balance Sheet Workpaper": "00:00:00"
            },
            {
                "Bank Reconciliation": "00:00:00"
            },
            {
                "Billing": "00:00:00"
            },
            {
                "Chart of Accounts": "00:00:00"
            },
            {
                "Contractor Payment Schedule-Let Us Assist": "00:00:00"
            },
            {
                "Customer Payment Schedule-Let Us Assist": "00:00:00"
            },
            {
                "Fixed Asset Register": "00:00:00"
            },
            {
                "Fixing Query reply": "00:00:00"
            },
            {
                "Invoice Processing": "00:00:00"
            },
            {
                "Journals Posting": "00:00:00"
            },
            {
                "Outlook Inbox Clearing": "00:00:00"
            },
            {
                "Payment Schedule": "00:00:00"
            },
            {
                "Query Drafting": "00:00:00"
            },
            {
                "Review Point Fixing": "00:00:00"
            }
        ]
    }
]