[
    {
        "logDetails": [
            {
                "USERNAME": "S03861"
            },
            {
                "STATUS": "LOGGED_IN"
            },
            {
                "LOGGED_AT": "17:09:46"
            },
            {
                "SELECTED_TEAM": ""
            }
        ]
    },
    {
        "PROCESS": []
    },
    {
        "NONPROCESS": [
            {
                "STARTDATE": "2023-05-12"
            },
            {
                "STARTED_AT": "09:52:12"
            }
        ]
    },
    {
        "MID_0FF": []
    }
]