[
    {
        "logDetails": [
            {
                "USERNAME": "S00116"
            },
            {
                "STATUS": "LOGGED_IN"
            },
            {
                "LOGGED_AT": "05:51:59"
            },
            {
                "SELECTED_TEAM": "QED & NOW FINANCE"
            }
        ]
    },
    {
        "PROCESS": []
    },
    {
        "NONPROCESS": [
            {
                "STARTDATE": "2023-05-11"
            },
            {
                "STARTED_AT": "13:05:36"
            }
        ]
    },
    {
        "MID_0FF": []
    }
]