[
    {
        "logDetails": [
            {
                "USERNAME": "S00458"
            },
            {
                "STATUS": "LOGGED_IN"
            },
            {
                "LOGGED_AT": "14:49:35"
            },
            {
                "SELECTED_TEAM": "ASV WADESON"
            }
        ]
    },
    {
        "PROCESS": []
    },
    {
        "NONPROCESS": [
            {
                "STARTDATE": "2023-05-11"
            },
            {
                "STARTED_AT": "12:13:54"
            }
        ]
    },
    {
        "MID_0FF": []
    }
]