[
    {
        "logDetails": [
            {
                "USERNAME": "S00644"
            },
            {
                "STATUS": "LOGGED_IN"
            },
            {
                "LOGGED_AT": "15:35:07"
            },
            {
                "SELECTED_TEAM": ""
            }
        ]
    },
    {
        "PROCESS": []
    },
    {
        "NONPROCESS": [
            {
                "STARTDATE": "2023-03-03"
            },
            {
                "STARTED_AT": "11:11:21"
            }
        ]
    },
    {
        "MID_0FF": []
    }
]