[
    {
        "logDetails": [
            {
                "USERNAME": "S01012"
            },
            {
                "STATUS": "LOGGED_IN"
            },
            {
                "LOGGED_AT": "09:53:49"
            },
            {
                "SELECTED_TEAM": "BONGIORNO"
            }
        ]
    },
    {
        "PROCESS": []
    },
    {
        "NONPROCESS": [
            {
                "STARTDATE": "2023-01-03"
            },
            {
                "STARTED_AT": "14:42:26"
            }
        ]
    },
    {
        "MID_0FF": []
    }
]