[
    {
        "logDetails": [
            {
                "USERNAME": "S01081"
            },
            {
                "STATUS": "LOGGED_IN"
            },
            {
                "LOGGED_AT": "14:59:36"
            },
            {
                "SELECTED_TEAM": "MAZARS"
            }
        ]
    },
    {
        "PROCESS": []
    },
    {
        "NONPROCESS": [
            {
                "STARTDATE": "2023-05-05"
            },
            {
                "STARTED_AT": "09:45:47"
            }
        ]
    },
    {
        "MID_0FF": []
    }
]