[
    {
        "logDetails": [
            {
                "USERNAME": "S01317"
            },
            {
                "STATUS": "LOGGED_IN"
            },
            {
                "LOGGED_AT": "09:50:27"
            },
            {
                "SELECTED_TEAM": "ASV WADESON"
            }
        ]
    },
    {
        "PROCESS": []
    },
    {
        "NONPROCESS": [
            {
                "STARTDATE": "2023-05-11"
            },
            {
                "STARTED_AT": "09:50:31"
            }
        ]
    },
    {
        "MID_0FF": []
    }
]