[
    {
        "logDetails": [
            {
                "USERNAME": "S01582"
            },
            {
                "STATUS": "LOGGED_IN"
            },
            {
                "LOGGED_AT": "08:34:28"
            },
            {
                "SELECTED_TEAM": ""
            }
        ]
    },
    {
        "PROCESS": []
    },
    {
        "NONPROCESS": [
            {
                "STARTDATE": "2023-04-17"
            },
            {
                "STARTED_AT": "17:43:34"
            }
        ]
    },
    {
        "MID_0FF": []
    }
]