[
    {
        "logDetails": [
            {
                "USERNAME": "S01679"
            },
            {
                "STATUS": "LOGGED_IN"
            },
            {
                "LOGGED_AT": "09:23:47"
            },
            {
                "SELECTED_TEAM": "PP SYDNEY"
            }
        ]
    },
    {
        "PROCESS": []
    },
    {
        "NONPROCESS": [
            {
                "STARTDATE": "2023-05-11"
            },
            {
                "STARTED_AT": "09:23:48"
            }
        ]
    },
    {
        "MID_0FF": []
    }
]