[
    {
        "logDetails": [
            {
                "USERNAME": "S01990"
            },
            {
                "STATUS": "LOGGED_IN"
            },
            {
                "LOGGED_AT": "16:17:43"
            },
            {
                "SELECTED_TEAM": "PROINVEST"
            }
        ]
    },
    {
        "PROCESS": []
    },
    {
        "NONPROCESS": [
            {
                "STARTDATE": "2023-02-08"
            },
            {
                "STARTED_AT": "06:21:59"
            }
        ]
    },
    {
        "MID_0FF": []
    }
]