[
    {
        "logDetails": [
            {
                "USERNAME": "S02090"
            },
            {
                "STATUS": "LOGGED_IN"
            },
            {
                "LOGGED_AT": "06:15:22"
            },
            {
                "SELECTED_TEAM": "PROINVEST"
            }
        ]
    },
    {
        "PROCESS": [
            {
                "STARTDATE": "2023-05-11"
            },
            {
                "STARTED_AT": "13:27:40"
            }
        ]
    },
    {
        "NONPROCESS": [
            {
                "STARTDATE": "2023-05-11"
            },
            {
                "STARTED_AT": "15:29:10"
            }
        ]
    },
    {
        "MID_0FF": [
            {
                "STARTDATE": "2023-05-11"
            },
            {
                "STARTED_AT": "00:58:16"
            }
        ]
    }
]