[
    {
        "logDetails": [
            {
                "USERNAME": "S02119"
            },
            {
                "STATUS": "LOGGED_IN"
            },
            {
                "LOGGED_AT": "15:07:27"
            },
            {
                "SELECTED_TEAM": "KDA"
            }
        ]
    },
    {
        "PROCESS": [
            {
                "STARTDATE": "2023-05-11"
            },
            {
                "STARTED_AT": "15:10:26"
            }
        ]
    },
    {
        "NONPROCESS": [
            {
                "STARTDATE": "2023-05-11"
            },
            {
                "STARTED_AT": "15:09:27"
            }
        ]
    },
    {
        "MID_0FF": []
    }
]