[
    {
        "logDetails": [
            {
                "USERNAME": "S02323"
            },
            {
                "STATUS": "LOGGED_IN"
            },
            {
                "LOGGED_AT": "10:29:31"
            },
            {
                "SELECTED_TEAM": "UK ACCOUNTING"
            }
        ]
    },
    {
        "PROCESS": [
            {
                "STARTDATE": "2023-05-11"
            },
            {
                "STARTED_AT": "15:49:46"
            }
        ]
    },
    {
        "NONPROCESS": []
    },
    {
        "MID_0FF": []
    }
]