[
    {
        "logDetails": [
            {
                "USERNAME": "S02462"
            },
            {
                "STATUS": "LOGGED_IN"
            },
            {
                "LOGGED_AT": "08:08:04"
            },
            {
                "SELECTED_TEAM": "IRESS PMS"
            }
        ]
    },
    {
        "PROCESS": [
            {
                "STARTDATE": "2023-05-11"
            },
            {
                "STARTED_AT": "13:55:40"
            }
        ]
    },
    {
        "NONPROCESS": [
            {
                "STARTDATE": "2023-05-11"
            },
            {
                "STARTED_AT": "15:23:09"
            }
        ]
    },
    {
        "MID_0FF": [
            {
                "STARTDATE": "2023-05-11"
            },
            {
                "STARTED_AT": "0:29:25"
            }
        ]
    }
]