[
    {
        "logDetails": [
            {
                "USERNAME": "S02457"
            },
            {
                "STATUS": "LOGGED_IN"
            },
            {
                "LOGGED_AT": "06:37:53"
            },
            {
                "SELECTED_TEAM": "IPS"
            }
        ]
    },
    {
        "PROCESS": [
            {
                "STARTDATE": "2023-01-31"
            },
            {
                "STARTED_AT": "06:38:02"
            }
        ]
    },
    {
        "NONPROCESS": [
            {
                "STARTDATE": "2023-01-31"
            },
            {
                "STARTED_AT": "08:30:26"
            }
        ]
    },
    {
        "MID_0FF": [
            {
                "STARTDATE": "2023-01-31"
            },
            {
                "STARTED_AT": "0:39:44"
            }
        ]
    }
]