[
    {
        "logDetails": [
            {
                "USERNAME": "S02440"
            },
            {
                "STATUS": "LOGGED_IN"
            },
            {
                "LOGGED_AT": "13:13:23"
            },
            {
                "SELECTED_TEAM": "KDA"
            }
        ]
    },
    {
        "PROCESS": [
            {
                "STARTDATE": "2023-05-11"
            },
            {
                "STARTED_AT": "13:13:33"
            }
        ]
    },
    {
        "NONPROCESS": [
            {
                "STARTDATE": "2023-05-11"
            },
            {
                "STARTED_AT": "13:52:18"
            }
        ]
    },
    {
        "MID_0FF": [
            {
                "STARTDATE": "2023-05-11"
            },
            {
                "STARTED_AT": "0:17:28"
            }
        ]
    }
]