[
    {
        "logDetails": [
            {
                "USERNAME": "S02673"
            },
            {
                "STATUS": "LOGGED_IN"
            },
            {
                "LOGGED_AT": "12:59:02"
            },
            {
                "SELECTED_TEAM": "IRESS PMS"
            }
        ]
    },
    {
        "PROCESS": [
            {
                "STARTDATE": "2023-05-11"
            },
            {
                "STARTED_AT": "15:12:45"
            }
        ]
    },
    {
        "NONPROCESS": [
            {
                "STARTDATE": "2023-05-11"
            },
            {
                "STARTED_AT": "15:22:44"
            }
        ]
    },
    {
        "MID_0FF": [
            {
                "STARTDATE": "2023-05-11"
            },
            {
                "STARTED_AT": "0:24:25"
            }
        ]
    }
]