[
    {
        "logDetails": [
            {
                "USERNAME": "S02714"
            },
            {
                "STATUS": "LOGGED_IN"
            },
            {
                "LOGGED_AT": "09:08:08"
            },
            {
                "SELECTED_TEAM": "KDA"
            }
        ]
    },
    {
        "PROCESS": [
            {
                "STARTDATE": "2023-05-11"
            },
            {
                "STARTED_AT": "10:29:57"
            }
        ]
    },
    {
        "NONPROCESS": [
            {
                "STARTDATE": "2023-05-11"
            },
            {
                "STARTED_AT": "09:08:11"
            }
        ]
    },
    {
        "MID_0FF": []
    }
]