[
    {
        "logDetails": [
            {
                "USERNAME": "S02738"
            },
            {
                "STATUS": "LOGGED_IN"
            },
            {
                "LOGGED_AT": "14:12:52"
            },
            {
                "SELECTED_TEAM": "IRESS PMS"
            }
        ]
    },
    {
        "PROCESS": [
            {
                "STARTDATE": "2023-05-11"
            },
            {
                "STARTED_AT": "15:14:41"
            }
        ]
    },
    {
        "NONPROCESS": [
            {
                "STARTDATE": "2023-05-11"
            },
            {
                "STARTED_AT": "15:22:47"
            }
        ]
    },
    {
        "MID_0FF": [
            {
                "STARTDATE": "2023-05-11"
            },
            {
                "STARTED_AT": "0:20:11"
            }
        ]
    }
]