[
    {
        "logDetails": [
            {
                "USERNAME": "S02731"
            },
            {
                "STATUS": "LOGGED_IN"
            },
            {
                "LOGGED_AT": "13:33:08"
            },
            {
                "SELECTED_TEAM": ""
            }
        ]
    },
    {
        "PROCESS": []
    },
    {
        "NONPROCESS": [
            {
                "STARTDATE": "2023-04-13"
            },
            {
                "STARTED_AT": "13:35:26"
            }
        ]
    },
    {
        "MID_0FF": []
    }
]