[
    {
        "logDetails": [
            {
                "USERNAME": "S03387"
            },
            {
                "STATUS": "LOGGED_IN"
            },
            {
                "LOGGED_AT": "11:14:56"
            },
            {
                "SELECTED_TEAM": "IPS"
            }
        ]
    },
    {
        "PROCESS": [
            {
                "STARTDATE": "2023-05-11"
            },
            {
                "STARTED_AT": "14:44:50"
            }
        ]
    },
    {
        "NONPROCESS": [
            {
                "STARTDATE": "2023-05-11"
            },
            {
                "STARTED_AT": "15:44:17"
            }
        ]
    },
    {
        "MID_0FF": {
            "STARTED_AT": "00:00:00"
        }
    }
]