[
    {
        "logDetails": [
            {
                "USERNAME": "S03436"
            },
            {
                "STATUS": "LOGGED_IN"
            },
            {
                "LOGGED_AT": "09:35:03"
            },
            {
                "SELECTED_TEAM": "MCLEAN DELMO"
            }
        ]
    },
    {
        "PROCESS": [
            {
                "STARTDATE": "2023-05-11"
            },
            {
                "STARTED_AT": "11:21:47"
            }
        ]
    },
    {
        "NONPROCESS": []
    },
    {
        "MID_0FF": []
    }
]