[
    {
        "logDetails": [
            {
                "USERNAME": "S03479"
            },
            {
                "STATUS": "LOGGED_IN"
            },
            {
                "LOGGED_AT": "04:24:01"
            },
            {
                "SELECTED_TEAM": "POWERWRAP PMS"
            }
        ]
    },
    {
        "PROCESS": [
            {
                "STARTDATE": "2023-05-11"
            },
            {
                "STARTED_AT": "11:58:08"
            }
        ]
    },
    {
        "NONPROCESS": [
            {
                "STARTDATE": "2023-05-11"
            },
            {
                "STARTED_AT": "13:54:08"
            }
        ]
    },
    {
        "MID_0FF": {
            "STARTED_AT": "00:00:00"
        }
    }
]