[
    {
        "logDetails": [
            {
                "USERNAME": "S03428"
            },
            {
                "STATUS": "LOGGED_IN"
            },
            {
                "LOGGED_AT": "06:33:35"
            },
            {
                "SELECTED_TEAM": "BAKER TILLY STAPLES RODWAY"
            }
        ]
    },
    {
        "PROCESS": []
    },
    {
        "NONPROCESS": [
            {
                "STARTDATE": "2023-02-06"
            },
            {
                "STARTED_AT": "06:59:07"
            }
        ]
    },
    {
        "MID_0FF": []
    }
]