[
    {
        "logDetails": [
            {
                "USERNAME": "S03409"
            },
            {
                "STATUS": "LOGGED_IN"
            },
            {
                "LOGGED_AT": "09:53:00"
            },
            {
                "SELECTED_TEAM": "BONGIORNO"
            }
        ]
    },
    {
        "PROCESS": [
            {
                "STARTDATE": "2022-12-20"
            },
            {
                "STARTED_AT": "09:47:46"
            }
        ]
    },
    {
        "NONPROCESS": [
            {
                "STARTDATE": "2022-12-20"
            },
            {
                "STARTED_AT": "09:47:12"
            }
        ]
    },
    {
        "MID_0FF": []
    }
]