[
    {
        "logDetails": [
            {
                "USERNAME": "S03452"
            },
            {
                "STATUS": "LOGGED_IN"
            },
            {
                "LOGGED_AT": "09:08:57"
            },
            {
                "SELECTED_TEAM": "IRESS PMS"
            }
        ]
    },
    {
        "PROCESS": [
            {
                "STARTDATE": "2023-05-11"
            },
            {
                "STARTED_AT": "15:49:03"
            }
        ]
    },
    {
        "NONPROCESS": [
            {
                "STARTDATE": "2023-05-11"
            },
            {
                "STARTED_AT": "13:49:58"
            }
        ]
    },
    {
        "MID_0FF": {
            "STARTED_AT": "00:00:00"
        }
    }
]