[
    {
        "logDetails": [
            {
                "USERNAME": "S03520"
            },
            {
                "STATUS": "LOGGED_IN"
            },
            {
                "LOGGED_AT": "20:42:20"
            },
            {
                "SELECTED_TEAM": "MAZARS"
            }
        ]
    },
    {
        "PROCESS": [
            {
                "STARTDATE": "2023-02-24"
            },
            {
                "STARTED_AT": "08:26:15"
            }
        ]
    },
    {
        "NONPROCESS": [
            {
                "STARTDATE": "2023-02-24"
            },
            {
                "STARTED_AT": "13:47:30"
            }
        ]
    },
    {
        "MID_0FF": []
    }
]