[
    {
        "logDetails": [
            {
                "USERNAME": "S03561"
            },
            {
                "STATUS": "LOGGED_IN"
            },
            {
                "LOGGED_AT": "15:43:27"
            },
            {
                "SELECTED_TEAM": "BRC_Capital"
            }
        ]
    },
    {
        "PROCESS": [
            {
                "STARTDATE": "2023-05-11"
            },
            {
                "STARTED_AT": "15:53:21"
            }
        ]
    },
    {
        "NONPROCESS": []
    },
    {
        "MID_0FF": []
    }
]