[
    {
        "logDetails": [
            {
                "USERNAME": "S03517"
            },
            {
                "STATUS": "LOGGED_IN"
            },
            {
                "LOGGED_AT": "09:56:34"
            },
            {
                "SELECTED_TEAM": "EASTERN BEACHES"
            }
        ]
    },
    {
        "PROCESS": []
    },
    {
        "NONPROCESS": [
            {
                "STARTDATE": "2023-03-31"
            },
            {
                "STARTED_AT": "14:14:23"
            }
        ]
    },
    {
        "MID_0FF": [
            {
                "STARTDATE": "2023-03-31"
            },
            {
                "STARTED_AT": "4:17:44"
            }
        ]
    }
]