[
    {
        "logDetails": [
            {
                "USERNAME": "S03616"
            },
            {
                "STATUS": "LOGGED_IN"
            },
            {
                "LOGGED_AT": "09:05:18"
            },
            {
                "SELECTED_TEAM": "SV PARTNERS"
            }
        ]
    },
    {
        "PROCESS": [
            {
                "STARTDATE": "2023-05-11"
            },
            {
                "STARTED_AT": "13:41:10"
            }
        ]
    },
    {
        "NONPROCESS": [
            {
                "STARTDATE": "2023-05-11"
            },
            {
                "STARTED_AT": "13:08:10"
            }
        ]
    },
    {
        "MID_0FF": []
    }
]