[
    {
        "logDetails": [
            {
                "USERNAME": "S03604"
            },
            {
                "STATUS": "LOGGED_IN"
            },
            {
                "LOGGED_AT": "07:31:41"
            },
            {
                "SELECTED_TEAM": "PP SYDNEY"
            }
        ]
    },
    {
        "PROCESS": [
            {
                "STARTDATE": "2023-05-11"
            },
            {
                "STARTED_AT": "13:19:46"
            }
        ]
    },
    {
        "NONPROCESS": [
            {
                "STARTDATE": "2023-05-11"
            },
            {
                "STARTED_AT": "13:55:41"
            }
        ]
    },
    {
        "MID_0FF": {
            "STARTED_AT": "00:00:00"
        }
    }
]