[
    {
        "logDetails": [
            {
                "USERNAME": "S03635"
            },
            {
                "STATUS": "LOGGED_IN"
            },
            {
                "LOGGED_AT": "07:41:03"
            },
            {
                "SELECTED_TEAM": "PP MELBOURNE"
            }
        ]
    },
    {
        "PROCESS": [
            {
                "STARTDATE": "2023-05-11"
            },
            {
                "STARTED_AT": "11:57:36"
            }
        ]
    },
    {
        "NONPROCESS": [
            {
                "STARTDATE": "2023-05-11"
            },
            {
                "STARTED_AT": "14:02:41"
            }
        ]
    },
    {
        "MID_0FF": {
            "STARTED_AT": "00:00:00"
        }
    }
]