[
    {
        "logDetails": [
            {
                "USERNAME": "S03679"
            },
            {
                "STATUS": "LOGGED_IN"
            },
            {
                "LOGGED_AT": "14:35:39"
            },
            {
                "SELECTED_TEAM": "MCLEAN DELMO"
            }
        ]
    },
    {
        "PROCESS": [
            {
                "STARTDATE": "2023-05-11"
            },
            {
                "STARTED_AT": "14:35:49"
            }
        ]
    },
    {
        "NONPROCESS": []
    },
    {
        "MID_0FF": []
    }
]