[
    {
        "logDetails": [
            {
                "USERNAME": "S03651"
            },
            {
                "STATUS": "LOGGED_IN"
            },
            {
                "LOGGED_AT": "21:28:55"
            },
            {
                "SELECTED_TEAM": "RECONCILIATION"
            }
        ]
    },
    {
        "PROCESS": [
            {
                "STARTDATE": "2023-05-11"
            },
            {
                "STARTED_AT": "06:19:34"
            }
        ]
    },
    {
        "NONPROCESS": [
            {
                "STARTDATE": "2023-05-11"
            },
            {
                "STARTED_AT": "04:49:11"
            }
        ]
    },
    {
        "MID_0FF": {
            "STARTED_AT": "00:00:00"
        }
    }
]