[
    {
        "logDetails": [
            {
                "USERNAME": "S03631"
            },
            {
                "STATUS": "LOGGED_IN"
            },
            {
                "LOGGED_AT": "08:48:11"
            },
            {
                "SELECTED_TEAM": "IRESS BOOKKEEPING"
            }
        ]
    },
    {
        "PROCESS": [
            {
                "STARTDATE": "2023-05-11"
            },
            {
                "STARTED_AT": "08:48:15"
            }
        ]
    },
    {
        "NONPROCESS": [
            {
                "STARTDATE": "2023-05-11"
            },
            {
                "STARTED_AT": "09:36:44"
            }
        ]
    },
    {
        "MID_0FF": [
            {
                "STARTDATE": "2023-05-11"
            },
            {
                "STARTED_AT": "0:49:02"
            }
        ]
    }
]