[
    {
        "logDetails": [
            {
                "USERNAME": "S03796"
            },
            {
                "STATUS": "LOGGED_IN"
            },
            {
                "LOGGED_AT": "06:44:35"
            },
            {
                "SELECTED_TEAM": "PROINVEST"
            }
        ]
    },
    {
        "PROCESS": [
            {
                "STARTDATE": "2023-05-11"
            },
            {
                "STARTED_AT": "14:09:25"
            }
        ]
    },
    {
        "NONPROCESS": [
            {
                "STARTDATE": "2023-05-11"
            },
            {
                "STARTED_AT": "13:23:00"
            }
        ]
    },
    {
        "MID_0FF": {
            "STARTED_AT": "00:00:00"
        }
    }
]