[
    {
        "logDetails": [
            {
                "USERNAME": "S03746"
            },
            {
                "STATUS": "LOGGED_IN"
            },
            {
                "LOGGED_AT": "08:08:26"
            },
            {
                "SELECTED_TEAM": "PP BRISBANE"
            }
        ]
    },
    {
        "PROCESS": []
    },
    {
        "NONPROCESS": [
            {
                "STARTDATE": "2023-05-11"
            },
            {
                "STARTED_AT": "13:54:09"
            }
        ]
    },
    {
        "MID_0FF": []
    }
]