[
    {
        "logDetails": [
            {
                "USERNAME": "S03778"
            },
            {
                "STATUS": "LOGGED_IN"
            },
            {
                "LOGGED_AT": "12:21:42"
            },
            {
                "SELECTED_TEAM": "EASTERN BEACHES"
            }
        ]
    },
    {
        "PROCESS": [
            {
                "STARTDATE": "2023-05-11"
            },
            {
                "STARTED_AT": "10:07:42"
            }
        ]
    },
    {
        "NONPROCESS": [
            {
                "STARTDATE": "2023-05-11"
            },
            {
                "STARTED_AT": "13:56:38"
            }
        ]
    },
    {
        "MID_0FF": [
            {
                "STARTDATE": "2023-05-11"
            },
            {
                "STARTED_AT": "09:36:07"
            }
        ]
    }
]