[
    {
        "logDetails": [
            {
                "USERNAME": "S03732"
            },
            {
                "STATUS": "LOGGED_IN"
            },
            {
                "LOGGED_AT": "07:59:33"
            },
            {
                "SELECTED_TEAM": "ASV WADESON"
            }
        ]
    },
    {
        "PROCESS": [
            {
                "STARTDATE": "2023-05-09"
            },
            {
                "STARTED_AT": "10:04:21"
            }
        ]
    },
    {
        "NONPROCESS": [
            {
                "STARTDATE": "2023-05-11"
            },
            {
                "STARTED_AT": "09:12:39"
            }
        ]
    },
    {
        "MID_0FF": [
            {
                "STARTDATE": "2023-05-10"
            },
            {
                "STARTED_AT": "0:49:02"
            }
        ]
    }
]