[
    {
        "logDetails": [
            {
                "USERNAME": "S03733"
            },
            {
                "STATUS": "LOGGED_IN"
            },
            {
                "LOGGED_AT": "13:14:43"
            },
            {
                "SELECTED_TEAM": "UK ACCOUNTING"
            }
        ]
    },
    {
        "PROCESS": [
            {
                "STARTDATE": "2023-05-11"
            },
            {
                "STARTED_AT": "13:14:46"
            }
        ]
    },
    {
        "NONPROCESS": [
            {
                "STARTDATE": "2023-05-11"
            },
            {
                "STARTED_AT": "15:30:19"
            }
        ]
    },
    {
        "MID_0FF": []
    }
]