[
    {
        "logDetails": [
            {
                "USERNAME": "S03700"
            },
            {
                "STATUS": "LOGGED_IN"
            },
            {
                "LOGGED_AT": "12:55:40"
            },
            {
                "SELECTED_TEAM": "EASTERN BEACHES"
            }
        ]
    },
    {
        "PROCESS": [
            {
                "STARTDATE": "2023-05-11"
            },
            {
                "STARTED_AT": "12:55:57"
            }
        ]
    },
    {
        "NONPROCESS": [
            {
                "STARTDATE": "2023-05-11"
            },
            {
                "STARTED_AT": "13:51:54"
            }
        ]
    },
    {
        "MID_0FF": [
            {
                "STARTDATE": "2023-05-11"
            },
            {
                "STARTED_AT": "0:41:01"
            }
        ]
    }
]