[
    {
        "logDetails": [
            {
                "USERNAME": "S03763"
            },
            {
                "STATUS": "LOGGED_IN"
            },
            {
                "LOGGED_AT": "14:11:22"
            },
            {
                "SELECTED_TEAM": "PP MELBOURNE"
            }
        ]
    },
    {
        "PROCESS": []
    },
    {
        "NONPROCESS": [
            {
                "STARTDATE": "2023-05-11"
            },
            {
                "STARTED_AT": "14:11:24"
            }
        ]
    },
    {
        "MID_0FF": []
    }
]