[
    {
        "logDetails": [
            {
                "USERNAME": "S03794"
            },
            {
                "STATUS": "LOGGED_IN"
            },
            {
                "LOGGED_AT": "07:35:42"
            },
            {
                "SELECTED_TEAM": "PROINVEST"
            }
        ]
    },
    {
        "PROCESS": [
            {
                "STARTDATE": "2023-05-11"
            },
            {
                "STARTED_AT": "14:45:16"
            }
        ]
    },
    {
        "NONPROCESS": [
            {
                "STARTDATE": "2023-05-11"
            },
            {
                "STARTED_AT": "13:52:31"
            }
        ]
    },
    {
        "MID_0FF": {
            "STARTED_AT": "00:00:00"
        }
    }
]