[
    {
        "logDetails": [
            {
                "USERNAME": "S03752"
            },
            {
                "STATUS": "LOGGED_IN"
            },
            {
                "LOGGED_AT": "15:54:11"
            },
            {
                "SELECTED_TEAM": "POWERWRAP PMS"
            }
        ]
    },
    {
        "PROCESS": []
    },
    {
        "NONPROCESS": [
            {
                "STARTDATE": "2023-05-11"
            },
            {
                "STARTED_AT": "15:54:14"
            }
        ]
    },
    {
        "MID_0FF": []
    }
]