[
    {
        "logDetails": [
            {
                "USERNAME": "S03788"
            },
            {
                "STATUS": "LOGGED_IN"
            },
            {
                "LOGGED_AT": "13:14:16"
            },
            {
                "SELECTED_TEAM": "PP MELBOURNE"
            }
        ]
    },
    {
        "PROCESS": [
            {
                "STARTDATE": "2023-05-11"
            },
            {
                "STARTED_AT": "13:47:27"
            }
        ]
    },
    {
        "NONPROCESS": [
            {
                "STARTDATE": "2023-05-11"
            },
            {
                "STARTED_AT": "13:48:05"
            }
        ]
    },
    {
        "MID_0FF": [
            {
                "STARTDATE": "2023-05-11"
            },
            {
                "STARTED_AT": "00:32:44"
            }
        ]
    }
]