[
    {
        "logDetails": [
            {
                "USERNAME": "S03856"
            },
            {
                "STATUS": "LOGGED_IN"
            },
            {
                "LOGGED_AT": "09:12:52"
            },
            {
                "SELECTED_TEAM": "FINDEX NZ"
            }
        ]
    },
    {
        "PROCESS": [
            {
                "STARTDATE": "2023-05-11"
            },
            {
                "STARTED_AT": "09:13:47"
            }
        ]
    },
    {
        "NONPROCESS": [
            {
                "STARTDATE": "2023-05-11"
            },
            {
                "STARTED_AT": "13:19:06"
            }
        ]
    },
    {
        "MID_0FF": [
            {
                "STARTDATE": "2023-05-11"
            },
            {
                "STARTED_AT": "01:03:42"
            }
        ]
    }
]