[
    {
        "logDetails": [
            {
                "USERNAME": "S03860"
            },
            {
                "STATUS": "LOGGED_IN"
            },
            {
                "LOGGED_AT": "07:39:28"
            },
            {
                "SELECTED_TEAM": "PP SYDNEY"
            }
        ]
    },
    {
        "PROCESS": [
            {
                "STARTDATE": "2023-04-26"
            },
            {
                "STARTED_AT": "10:31:08"
            }
        ]
    },
    {
        "NONPROCESS": [
            {
                "STARTDATE": "2023-04-26"
            },
            {
                "STARTED_AT": "14:21:23"
            }
        ]
    },
    {
        "MID_0FF": [
            {
                "STARTDATE": "2023-04-26"
            },
            {
                "STARTED_AT": "05:23:28"
            }
        ]
    }
]