[
    {
        "logDetails": [
            {
                "USERNAME": "S03872"
            },
            {
                "STATUS": "LOGGED_IN"
            },
            {
                "LOGGED_AT": "06:56:30"
            },
            {
                "SELECTED_TEAM": "FINDEX NZ"
            }
        ]
    },
    {
        "PROCESS": []
    },
    {
        "NONPROCESS": [
            {
                "STARTDATE": "2023-05-11"
            },
            {
                "STARTED_AT": "13:55:41"
            }
        ]
    },
    {
        "MID_0FF": []
    }
]