[
    {
        "logDetails": [
            {
                "USERNAME": "S03850"
            },
            {
                "STATUS": "LOGGED_IN"
            },
            {
                "LOGGED_AT": "13:52:06"
            },
            {
                "SELECTED_TEAM": "PP MELBOURNE"
            }
        ]
    },
    {
        "PROCESS": []
    },
    {
        "NONPROCESS": [
            {
                "STARTDATE": "2023-05-11"
            },
            {
                "STARTED_AT": "15:38:43"
            }
        ]
    },
    {
        "MID_0FF": []
    }
]