[
    {
        "logDetails": [
            {
                "USERNAME": "S03841"
            },
            {
                "STATUS": "LOGGED_IN"
            },
            {
                "LOGGED_AT": "08:56:40"
            },
            {
                "SELECTED_TEAM": "BAKER TILLY STAPLES RODWAY"
            }
        ]
    },
    {
        "PROCESS": [
            {
                "STARTDATE": "2023-05-11"
            },
            {
                "STARTED_AT": "08:56:42"
            }
        ]
    },
    {
        "NONPROCESS": [
            {
                "STARTDATE": "2023-05-11"
            },
            {
                "STARTED_AT": "14:20:46"
            }
        ]
    },
    {
        "MID_0FF": [
            {
                "STARTDATE": "2023-05-11"
            },
            {
                "STARTED_AT": "05:26:39"
            }
        ]
    }
]