[
    {
        "logDetails": [
            {
                "USERNAME": "S03822"
            },
            {
                "STATUS": "LOGGED_IN"
            },
            {
                "LOGGED_AT": "12:20:55"
            },
            {
                "SELECTED_TEAM": "MCLEAN DELMO"
            }
        ]
    },
    {
        "PROCESS": []
    },
    {
        "NONPROCESS": [
            {
                "STARTDATE": "2023-05-11"
            },
            {
                "STARTED_AT": "12:20:58"
            }
        ]
    },
    {
        "MID_0FF": [
            {
                "STARTDATE": "2023-05-11"
            },
            {
                "STARTED_AT": "1:16:45"
            }
        ]
    }
]