[
    {
        "logDetails": [
            {
                "USERNAME": "S03843"
            },
            {
                "STATUS": "LOGGED_IN"
            },
            {
                "LOGGED_AT": "09:21:59"
            },
            {
                "SELECTED_TEAM": "SV PARTNERS"
            }
        ]
    },
    {
        "PROCESS": [
            {
                "STARTDATE": "2023-05-11"
            },
            {
                "STARTED_AT": "14:49:49"
            }
        ]
    },
    {
        "NONPROCESS": [
            {
                "STARTDATE": "2023-05-11"
            },
            {
                "STARTED_AT": "13:24:14"
            }
        ]
    },
    {
        "MID_0FF": {
            "STARTED_AT": "00:00:00"
        }
    }
]