[
    {
        "logDetails": [
            {
                "USERNAME": "S03844"
            },
            {
                "STATUS": "LOGGED_IN"
            },
            {
                "LOGGED_AT": "13:20:22"
            },
            {
                "SELECTED_TEAM": "PP MELBOURNE"
            }
        ]
    },
    {
        "PROCESS": []
    },
    {
        "NONPROCESS": [
            {
                "STARTDATE": "2023-05-11"
            },
            {
                "STARTED_AT": "15:38:31"
            }
        ]
    },
    {
        "MID_0FF": [
            {
                "STARTDATE": "2023-05-11"
            },
            {
                "STARTED_AT": "02:18:01"
            }
        ]
    }
]